,0,1,2,min,max,character
0,1-9,x:,xwjgxtmrzxzmkx,1,9,x
1,4-6,r:,rrrkrgr,4,6,r
2,4-5,v:,vvfvvvn,4,5,v
3,5-16,m:,pxmrtmbmqmcldmmm,5,16,m
4,15-16,s:,bsshsszslssssslqdsss,15,16,s
5,10-12,g:,gggggggggzgvg,10,12,g
6,2-7,n:,dntnrng,2,7,n
7,11-14,j:,xrjflbmjszzjbjjh,11,14,j
8,2-6,r:,frxrrrfjnmr,2,6,r
9,6-7,h:,hplhgcsphh,6,7,h
10,4-5,w:,wwwwz,4,5,w
11,1-6,g:,ggdggnggg,1,6,g
12,3-4,c:,cccc,3,4,c
13,5-8,k:,kjgmkkfwxkwqkkgfnv,5,8,k
14,14-15,h:,xpwhdjhhjhrdjkhfh,14,15,h
15,6-7,g:,vgggggdhgsp,6,7,g
16,1-3,r:,rtdcrthphrkzxh,1,3,r
17,15-16,j:,jjjjjjstjjjjhjjjjj,15,16,j
18,8-10,k:,kkkkpkkqkv,8,10,k
19,1-4,s:,sssssj,1,4,s
20,2-3,d:,hdbmbpswddwkkr,2,3,d
21,6-7,s:,ssscssnss,6,7,s
22,8-9,z:,zzzzzzzftz,8,9,z
23,7-8,t:,glwvkgtn,7,8,t
24,3-10,n:,nnnnnnnnnnn,3,10,n
25,5-7,z:,lzzzzfhj,5,7,z
26,8-9,l:,llllllltn,8,9,l
27,1-2,p:,dpcppp,1,2,p
28,2-5,d:,hcfdltbgt,2,5,d
29,13-16,r:,rrdrrqrrrrrsbrrr,13,16,r
30,7-16,l:,lllltllllllllllllrll,7,16,l
31,9-14,z:,vzzzpzfzdzzzzzzfczz,9,14,z
32,3-5,f:,ffffb,3,5,f
33,6-8,s:,csssssjrbdsgs,6,8,s
34,9-18,r:,rrrrrrbrrrjzdrrrcrr,9,18,r
35,2-5,d:,fdzxdj,2,5,d
36,13-14,c:,cclcccccccccmc,13,14,c
37,9-10,z:,zzvszszjbnzzz,9,10,z
38,5-9,s:,ssqshwsss,5,9,s
39,4-11,x:,hxxxxjvdxcqplp,4,11,x
40,4-6,t:,mxtrtttttttttt,4,6,t
41,3-8,w:,wmwwwnbmtw,3,8,w
42,5-6,x:,xsczxd,5,6,x
43,2-7,w:,pwvtgkwwwrpjr,2,7,w
44,7-9,w:,wwwwwwwwj,7,9,w
45,3-9,h:,hhhhbhhhschhh,3,9,h
46,1-4,p:,tlwx,1,4,p
47,4-5,w:,lhzjwwwwmv,4,5,w
48,6-7,p:,ppppglprp,6,7,p
49,2-16,m:,jqmmmmmzmmmmmjmbxmw,2,16,m
50,8-10,g:,zhggpgrrlctggg,8,10,g
51,7-18,z:,pltbcznlvtzgzczzchbz,7,18,z
52,10-11,t:,jttttgtttttt,10,11,t
53,3-8,k:,kkkkkkkkkkk,3,8,k
54,19-20,x:,xxxxxxxxxxxxxxxxxxwr,19,20,x
55,9-16,l:,llllllflllllxpllzl,9,16,l
56,10-12,m:,mmjmmmmmmvms,10,12,m
57,1-4,c:,cdxvxczcc,1,4,c
58,7-10,n:,nnnnfnvpncn,7,10,n
59,10-17,z:,zszzzrzczxzfzzzzlz,10,17,z
60,4-9,k:,kkkdkkkkfk,4,9,k
61,12-13,m:,mmgmmqfgmmtmm,12,13,m
62,4-6,s:,tdmmcs,4,6,s
63,10-16,n:,nkfpnncncnnntmtc,10,16,n
64,2-3,w:,vwhwf,2,3,w
65,7-17,w:,wwfwwwqhwwwwcwwww,7,17,w
66,5-8,q:,tkqrtqqsqkwq,5,8,q
67,9-10,p:,ptpppppppd,9,10,p
68,1-5,f:,cnncnmnf,1,5,f
69,2-9,k:,kkjdsnsqkgprtqb,2,9,k
70,9-11,n:,nplnnnnnnnmnn,9,11,n
71,4-6,r:,rrkrzrr,4,6,r
72,3-5,z:,zzzzsq,3,5,z
73,17-18,r:,rrrrrrrrrrrrrrrrrx,17,18,r
74,5-8,c:,rcccdcclc,5,8,c
75,1-9,c:,vcccccccbc,1,9,c
76,9-10,x:,xxxxcbxxxm,9,10,x
77,2-5,c:,cccfn,2,5,c
78,8-9,c:,cccccnctc,8,9,c
79,4-8,l:,flrhfzwllm,4,8,l
80,1-5,l:,fllfllrklx,1,5,l
81,5-10,j:,jrjkrjjjjxgjqj,5,10,j
82,5-10,v:,dsxvmvvjtsc,5,10,v
83,4-6,v:,bsqvdghvnzdfvjcfvvv,4,6,v
84,6-11,m:,mmmmmmmmmmpm,6,11,m
85,6-9,q:,qqgqkcccsgqqjspj,6,9,q
86,2-5,n:,nvsrc,2,5,n
87,14-15,n:,nnnnnnnnnnnbnms,14,15,n
88,3-4,m:,mmbm,3,4,m
89,3-11,h:,hhbhhhhhhhhhhhhhhhh,3,11,h
90,7-9,k:,kkkkbknkjv,7,9,k
91,11-15,g:,ggvgggfgbgvvzjgxghgg,11,15,g
92,3-4,z:,zzzz,3,4,z
93,2-5,w:,wwwhww,2,5,w
94,9-14,j:,jjjjjjjjtjjjjw,9,14,j
95,2-4,j:,jjbljsj,2,4,j
96,6-9,w:,bwtkbttwqvwk,6,9,w
97,1-3,l:,lllpjl,1,3,l
98,9-10,g:,ggfmggggsrggggg,9,10,g
99,3-5,t:,ttwzxl,3,5,t
100,5-7,k:,kkwtbckkk,5,7,k
101,9-11,r:,rbgrrhrrrrrr,9,11,r
102,9-12,g:,ggggggsggglnggg,9,12,g
103,1-5,b:,bbbwjs,1,5,b
104,6-7,m:,xkjmdmm,6,7,m
105,6-8,g:,gggggwgw,6,8,g
106,12-15,v:,vrvvvqvvpvzvvvvrhqv,12,15,v
107,15-17,s:,hsnjsrsdxpjswsxsss,15,17,s
108,9-12,r:,rnhnrrsrrrrr,9,12,r
109,1-3,d:,ddnd,1,3,d
110,1-11,m:,mmtxkcdrvcmx,1,11,m
111,1-18,k:,kxkkkskkkkkktkkmkc,1,18,k
112,5-9,h:,vfxhhshhvhhbhr,5,9,h
113,2-3,k:,wtrcckttcqrj,2,3,k
114,2-7,q:,wnqcqqxw,2,7,q
115,1-9,s:,sqsssslsssssssssss,1,9,s
116,4-6,p:,mwvpppzp,4,6,p
117,1-4,v:,qlvnvv,1,4,v
118,10-11,z:,lzzzzzzzznt,10,11,z
119,2-14,q:,qwqqqqqqqqqqqfqqr,2,14,q
120,15-20,d:,dddddzddddddddlddddt,15,20,d
121,11-15,m:,fvsqwbnqmbnmgcm,11,15,m
122,3-4,c:,fncnfdjzcxwbpcrn,3,4,c
123,4-7,z:,jsxzzszzqtwzmcznfs,4,7,z
124,5-6,x:,glxxxxrxfxxwl,5,6,x
125,5-13,b:,pdbvhwjwnbdwbrbbjwf,5,13,b
126,7-8,h:,hhthhhvvt,7,8,h
127,8-11,f:,pfffffxffpbf,8,11,f
128,5-6,n:,ndtlxnnnqdmcnv,5,6,n
129,10-12,s:,sssssswssdshssss,10,12,s
130,15-16,s:,ssssssssssqsssss,15,16,s
131,4-5,s:,sssss,4,5,s
132,3-4,g:,ggggg,3,4,g
133,3-4,c:,ccjv,3,4,c
134,7-12,v:,rrrngfwhslsbpvbmwnn,7,12,v
135,4-10,n:,nxnbnnnbxnnn,4,10,n
136,7-15,d:,fggdddpgslqgdwhdndw,7,15,d
137,6-10,h:,hhzzghhfdchhjnm,6,10,h
138,8-9,c:,cccccccnc,8,9,c
139,9-10,h:,hhhhhhhhll,9,10,h
140,2-16,w:,nwfwwwzwvrbmwwww,2,16,w
141,10-13,k:,kkkksjkkskqtkkmkknks,10,13,k
142,4-9,f:,fffwfffbkc,4,9,f
143,4-11,v:,gcfkvvvvfvv,4,11,v
144,2-5,l:,llflftlmlglc,2,5,l
145,7-10,l:,llldljllgsbl,7,10,l
146,10-19,g:,svcsnlshppvrxzghhzg,10,19,g
147,3-8,d:,dddwdzvmddd,3,8,d
148,3-5,m:,kpmmjpmmmdz,3,5,m
149,13-14,n:,nnnnnnnnnnnnns,13,14,n
150,3-8,b:,bkbbbbbbbbbbbbbd,3,8,b
151,2-4,g:,jghfggh,2,4,g
152,8-11,m:,mmmmmmrmmmm,8,11,m
153,9-12,j:,pbjjpjnjxjjfsjzsjps,9,12,j
154,6-7,r:,rrrrrrrr,6,7,r
155,8-13,v:,vvvvvvvbbvvvvvw,8,13,v
156,4-17,p:,tpppppprzpspbpplppr,4,17,p
157,2-3,h:,wbhhzxhllh,2,3,h
158,2-15,c:,nvbcckcpccrtccwccsc,2,15,c
159,12-13,j:,jjjjjjjjjjjzhj,12,13,j
160,4-10,p:,dznzpnxzppl,4,10,p
161,5-8,r:,jrrrsrrrrr,5,8,r
162,7-10,q:,gjqjcqqqqsqfqqq,7,10,q
163,8-12,k:,kkkkkkkkkkkg,8,12,k
164,3-14,m:,mmtmmmmmmmmmmmmmm,3,14,m
165,3-12,t:,khgttqtcltshttwqgt,3,12,t
166,14-15,b:,bbbbbbbbbbbbbqb,14,15,b
167,14-15,f:,fffqfmffpnffffg,14,15,f
168,5-16,j:,jlghwmmrbdvdfjbj,5,16,j
169,7-8,v:,vvkbvvrv,7,8,v
170,2-11,m:,qmcgxcshgwmfm,2,11,m
171,11-12,m:,cmmmzfmcmmzmmmmjmr,11,12,m
172,6-7,n:,hnnbnnnw,6,7,n
173,4-8,m:,mvdtmstm,4,8,m
174,4-7,m:,bcrmmjbpmmmsdnrmm,4,7,m
175,1-4,w:,wwwww,1,4,w
176,12-14,j:,jjjjjjjjjjjrjhj,12,14,j
177,2-9,h:,ghhczbhblx,2,9,h
178,2-11,v:,vmvvvvvggvjpvchvvpc,2,11,v
179,6-7,f:,ffwfflghpwfl,6,7,f
180,3-14,k:,krkmjkgkzcckjbkkk,3,14,k
181,1-2,c:,cfcp,1,2,c
182,15-17,z:,ztzzzdzzzzzzzzzzt,15,17,z
183,4-13,p:,bmrpdwphzqvppktz,4,13,p
184,4-5,j:,jjvjtj,4,5,j
185,14-20,h:,hvchvhhhhbhthlhhhhhh,14,20,h
186,1-3,j:,kqjp,1,3,j
187,9-13,x:,fsxxxkxxbpkxmhlrdtfx,9,13,x
188,13-14,w:,wwpxwwwwwwgtwwcwwww,13,14,w
189,2-5,p:,wppxkq,2,5,p
190,13-15,x:,xxxzxxxbxxxxxxvxs,13,15,x
191,5-11,q:,qvqqqqxqqqqfqqq,5,11,q
192,8-12,q:,qqqqqqqvqqqq,8,12,q
193,8-10,m:,mmmmmmmjmn,8,10,m
194,17-18,t:,ttttrttttsttttttttt,17,18,t
195,9-13,h:,hhhhhqhjlvhhqhhwh,9,13,h
196,8-9,s:,ssssshsst,8,9,s
197,9-10,v:,qvvtvsvcmzvvnpgvv,9,10,v
198,7-12,d:,djcpndppsdddfdsdd,7,12,d
199,2-3,z:,dgzwvbrzzbgw,2,3,z
200,1-4,k:,kwkl,1,4,k
201,1-9,d:,dkdmdsdwdzvlpv,1,9,d
202,10-11,h:,hhhhhhhhhhh,10,11,h
203,9-10,f:,ffffffffff,9,10,f
204,4-7,d:,ssddddxp,4,7,d
205,18-19,j:,jjjjjjjjjjjjjjjjjsj,18,19,j
206,7-11,m:,mkmmrmmlrzsmgm,7,11,m
207,1-7,k:,kkkkkkknk,1,7,k
208,4-5,w:,wwwwj,4,5,w
209,6-13,s:,xslmsfgsssssmslsstqd,6,13,s
210,4-5,z:,zzzch,4,5,z
211,9-11,j:,jjjjjjjjjjj,9,11,j
212,4-7,h:,hjhhkdh,4,7,h
213,5-14,v:,vvvvglvvdvvvvv,5,14,v
214,5-6,q:,shqnjdqqq,5,6,q
215,1-5,q:,dqqqq,1,5,q
216,5-7,z:,zzznzzz,5,7,z
217,5-9,s:,vwsfsxssd,5,9,s
218,4-5,f:,sffffv,4,5,f
219,5-7,b:,xllbbdb,5,7,b
220,1-14,j:,rtzjqkpnkjlrhjcjqj,1,14,j
221,8-10,w:,wwwwwwwfwxz,8,10,w
222,3-6,g:,sggtlggswf,3,6,g
223,11-14,n:,nnbnnncnnsgnnmknn,11,14,n
224,6-15,c:,cclcnccctcrcxqmd,6,15,c
225,5-8,l:,lmllxwpl,5,8,l
226,4-11,p:,pppppppcpkdp,4,11,p
227,1-4,w:,zwwx,1,4,w
228,1-3,g:,nlfpgfzqkzn,1,3,g
229,11-12,w:,vbwwgwvwrwlwwmwwwjw,11,12,w
230,4-12,j:,vzfjgjrkzdrxqfh,4,12,j
231,1-2,r:,frrq,1,2,r
232,1-4,k:,vkkkkk,1,4,k
233,11-13,d:,pndlftgdpdhld,11,13,d
234,1-4,r:,prrvrrrrfrrrrr,1,4,r
235,8-9,m:,fmmxmmmmmmm,8,9,m
236,1-2,x:,xcpxc,1,2,x
237,4-16,n:,rhbndvjnnsnfnwnnm,4,16,n
238,2-10,g:,fkzwxtqmgm,2,10,g
239,11-19,p:,bpppqpppppplpppphpsr,11,19,p
240,9-13,g:,ggggthggggpjgqgslggq,9,13,g
241,4-5,m:,mzmmxcfwmdpz,4,5,m
242,2-13,t:,tttttttptttts,2,13,t
243,3-7,q:,qqvqqqcqq,3,7,q
244,6-9,j:,jsjjjjccjwjcjjj,6,9,j
245,7-10,r:,rdlrrrrrrr,7,10,r
246,9-12,r:,wrrzsrcrgcbrhqvrhlp,9,12,r
247,6-7,j:,jjxjjzhxj,6,7,j
248,6-7,m:,mmmmmmmm,6,7,m
249,1-3,m:,mldvdmxmbk,1,3,m
250,10-11,f:,ffffnffffkqf,10,11,f
251,5-17,f:,ffffsfffftfffkffn,5,17,f
252,4-5,b:,fbwbhvx,4,5,b
253,14-16,g:,ggggggggthgggggsvd,14,16,g
254,2-3,s:,cvsbw,2,3,s
255,5-10,g:,qltgnfghgcrgpnzdsvng,5,10,g
256,5-6,p:,ppjbpnppxg,5,6,p
257,3-8,j:,lgjrzwdvdnwvrnj,3,8,j
258,2-4,c:,cdcc,2,4,c
259,6-7,l:,llflrhlllgklh,6,7,l
260,1-2,p:,tppp,1,2,p
261,16-17,g:,gggggggvggggggggg,16,17,g
262,3-14,f:,fhfdffftfbggpkfgf,3,14,f
263,16-18,b:,bbbbbbbbbbbbbbbbbbbb,16,18,b
264,5-10,v:,thqvvkvlwvdvjzzst,5,10,v
265,13-14,p:,ppppppppppppptc,13,14,p
266,11-14,t:,tkttczttttsttmcnltm,11,14,t
267,3-4,w:,nvxl,3,4,w
268,4-6,f:,fpflfwftk,4,6,f
269,4-6,h:,xhhhhh,4,6,h
270,15-17,t:,tttttttttttttttlv,15,17,t
271,10-17,j:,jjjjjjjjjsjjjjjjd,10,17,j
272,2-4,s:,jcgs,2,4,s
273,7-9,q:,qsqqjhqndsqkqqpvqqr,7,9,q
274,2-3,p:,tnpplcmdpfn,2,3,p
275,2-5,c:,crvmk,2,5,c
276,1-7,d:,tsmzcgddnddddrdxsq,1,7,d
277,8-9,c:,rlfcpctpncv,8,9,c
278,6-9,f:,tkzfhffdf,6,9,f
279,13-15,s:,sssmsscfvsssdsg,13,15,s
280,6-8,s:,ssjsssjrscsss,6,8,s
281,7-10,f:,fffffffkfff,7,10,f
282,1-6,k:,jqtdhpknkkk,1,6,k
283,11-12,t:,tttttttttttf,11,12,t
284,9-16,d:,swjbddfpfbntmprdd,9,16,d
285,18-19,v:,dvvvvvvvvvvvvvvvkvvv,18,19,v
286,2-5,j:,kjjcqjj,2,5,j
287,11-12,d:,dddddddcddld,11,12,d
288,14-16,f:,fffffffffffffffk,14,16,f
289,4-7,x:,nxxxxxxn,4,7,x
290,10-18,p:,pppppppppppppppppr,10,18,p
291,8-9,k:,ktkjkkkkfvklkz,8,9,k
292,9-15,h:,hhhhhhhhchhhhhhhhh,9,15,h
293,18-19,v:,hvkvvvvvvvvvvvvvvqc,18,19,v
294,1-8,s:,xzbxgsxshgl,1,8,s
295,2-6,p:,ppsjpglptchpzbdhj,2,6,p
296,6-7,n:,nnnnnnnc,6,7,n
297,2-7,j:,jhtjjjjj,2,7,j
298,11-12,b:,vnblqbxkbbwb,11,12,b
299,4-5,z:,czzzcztsz,4,5,z
300,4-9,x:,wxpvxxxfxfxx,4,9,x
301,9-12,w:,wwwwwwwwwgwwww,9,12,w
302,2-5,k:,cntkkq,2,5,k
303,10-12,l:,vljplljlllllllll,10,12,l
304,1-4,t:,tfmvst,1,4,t
305,6-7,d:,rddddddwd,6,7,d
306,2-6,h:,bhvwhl,2,6,h
307,5-8,c:,ccsgccncwgjtcbhccckk,5,8,c
308,5-6,r:,rrrrmr,5,6,r
309,3-8,h:,hcrhhjrbhh,3,8,h
310,2-4,s:,xndshswk,2,4,s
311,2-7,m:,mmrqmmlp,2,7,m
312,7-9,n:,nnnbfpmnfnknxnndn,7,9,n
313,6-7,f:,fvffffb,6,7,f
314,6-8,h:,vhhhhhtk,6,8,h
315,6-7,j:,jjjjjwjjs,6,7,j
316,1-5,r:,rwrrrr,1,5,r
317,3-4,t:,tlzk,3,4,t
318,2-7,k:,kkkkkkk,2,7,k
319,6-11,q:,rqqqqqwflqqjqq,6,11,q
320,5-7,l:,llllglll,5,7,l
321,6-14,r:,rrkrrxrmrrrrrc,6,14,r
322,1-8,w:,lrwpzvhhcwtbrwwpwww,1,8,w
323,3-13,b:,kbjhskpbrwqpbcbbkb,3,13,b
324,6-9,d:,ddddbddhdddddddddmg,6,9,d
325,14-15,n:,nnnnnnnntnnnnhf,14,15,n
326,2-18,k:,cgjpktthdbfxrclqwzpl,2,18,k
327,5-14,w:,wwwwwbfwzwcwcwz,5,14,w
328,5-7,s:,tfhssgrsnbssfl,5,7,s
329,1-18,l:,wdkwkdlslbllllgzfm,1,18,l
330,1-17,h:,jhhhhhhhhhhhthhhhh,1,17,h
331,7-13,w:,wwvwwwwwrwwww,7,13,w
332,1-3,r:,rgrdrx,1,3,r
333,9-11,t:,dnxckkwpttv,9,11,t
334,2-12,c:,cgqxrszcckcd,2,12,c
335,4-13,q:,qkchpbqqtrtdztrq,4,13,q
336,2-9,d:,ddddsddddd,2,9,d
337,9-19,p:,pppppgppppqpppppppp,9,19,p
338,8-9,l:,lllhlllll,8,9,l
339,7-8,h:,hhhhhkhvwbhmh,7,8,h
340,11-12,w:,wwwwwwwwwwwnwwww,11,12,w
341,2-3,d:,jhcd,2,3,d
342,13-16,n:,nnnnnnnnnnnnndnnmnn,13,16,n
343,6-7,d:,dllpddkdd,6,7,d
344,6-7,n:,nnnnnkp,6,7,n
345,7-14,v:,vvbcvrvvkmvvsv,7,14,v
346,5-7,j:,jjjjcjs,5,7,j
347,4-10,l:,ldllllllll,4,10,l
348,4-5,x:,rxxxx,4,5,x
349,15-16,q:,qqqqqqqqqqqlqqqw,15,16,q
350,13-15,m:,mmmmmmmmmbmmzmbm,13,15,m
351,7-10,k:,skkkkkkkkq,7,10,k
352,9-15,m:,mghxpjzqdhjcbmdl,9,15,m
353,2-4,t:,ttsnwzbdj,2,4,t
354,6-7,s:,hqtkgtr,6,7,s
355,3-4,n:,twpknn,3,4,n
356,1-3,l:,wrldlsdl,1,3,l
357,5-6,l:,qlxncf,5,6,l
358,4-5,s:,dvsxs,4,5,s
359,7-9,t:,rktsrfwttttgwtzgft,7,9,t
360,1-3,l:,flsf,1,3,l
361,6-10,c:,cchczccccj,6,10,c
362,1-3,k:,bktw,1,3,k
363,2-4,h:,zdqxgrfkfhljhqhkgmfc,2,4,h
364,16-17,s:,sssssssssssssssvs,16,17,s
365,4-8,p:,plpfmnhsppnpwnx,4,8,p
366,5-10,k:,kkkkknkqkk,5,10,k
367,4-11,s:,nsqnssssvqsm,4,11,s
368,6-14,j:,jjjzjwczkjjjxjjcjjxj,6,14,j
369,3-7,t:,tnnbjjhtd,3,7,t
370,7-8,l:,llllllll,7,8,l
371,4-11,z:,cwsvrtszxrgh,4,11,z
372,2-11,x:,sxcxxxjxrxkxdxx,2,11,x
373,11-15,m:,mmxmbxmmdmmmmfmmfmm,11,15,m
374,10-13,l:,tllllwzlzlrbllllhnp,10,13,l
375,5-6,k:,kkkjkmkkkg,5,6,k
376,4-7,f:,wqqfmffffkp,4,7,f
377,1-9,b:,bbbbbmbbbbhbbdzbbtn,1,9,b
378,10-12,h:,hhhhdwbhhqrhhhdnxhr,10,12,h
379,1-8,r:,qfpnfrrrrz,1,8,r
380,16-20,b:,bbbbbbbbbbbbbbbbbbbb,16,20,b
381,1-5,c:,hwqccmwcctcnclcb,1,5,c
382,6-13,c:,clccccqqcccjczpgj,6,13,c
383,13-14,j:,jjjjjjjjjjjjjh,13,14,j
384,2-4,j:,jkfp,2,4,j
385,2-7,d:,qqxdcdjqg,2,7,d
386,5-6,r:,prrrrd,5,6,r
387,7-8,l:,llllllll,7,8,l
388,2-3,w:,nwlm,2,3,w
389,9-12,v:,vnknxncvgvrww,9,12,v
390,6-16,s:,sjnwfsksnszcglxs,6,16,s
391,5-17,z:,zzmkzzzzzntzjzbwpdjz,5,17,z
392,12-17,j:,ljjjjjjhjjwtjjjjdjwj,12,17,j
393,8-10,s:,dnnjlfkxls,8,10,s
394,2-6,m:,jmmqmdkjm,2,6,m
395,9-11,m:,mmmcmmmfsmmm,9,11,m
396,14-16,p:,ppppptpppphrpxpppp,14,16,p
397,4-15,d:,dfkfxdddldddddddlddp,4,15,d
398,12-14,q:,qqqqqqqqqqqwwgq,12,14,q
399,1-6,g:,tgggggmggggdg,1,6,g
400,10-18,w:,wwwwwwwwwbwjwwwwwt,10,18,w
401,8-9,t:,ttkttcttsrgrzlftpt,8,9,t
402,3-5,j:,jjjjjjjjjjjjjl,3,5,j
403,17-18,c:,ccccccczcccccccccs,17,18,c
404,4-9,d:,hjddddddddm,4,9,d
405,2-4,x:,lxjfp,2,4,x
406,11-12,v:,vvvvvvvvvvjv,11,12,v
407,1-4,z:,fmzblzvzm,1,4,z
408,4-5,h:,hhshhh,4,5,h
409,3-6,t:,ptvrtt,3,6,t
410,7-15,k:,kkkjzkckgckskpkk,7,15,k
411,12-15,w:,wwwwwwwwwwwftwdw,12,15,w
412,3-5,z:,jrhns,3,5,z
413,5-6,n:,pxmnzn,5,6,n
414,1-3,b:,bbbkbbbbbbwb,1,3,b
415,1-10,r:,rrjrqrrwrrrqv,1,10,r
416,11-12,w:,wwwwwwwwwwwwwww,11,12,w
417,5-6,j:,jsjjjp,5,6,j
418,6-11,h:,lhbbvmhwrhh,6,11,h
419,18-19,q:,qqqqqqqcxqqqqqqqqxwq,18,19,q
420,17-18,l:,llllllllllllllllxql,17,18,l
421,3-4,j:,jjljjn,3,4,j
422,8-10,z:,zzzzwnzlzggz,8,10,z
423,6-7,t:,tttttft,6,7,t
424,11-12,f:,ffffffffffnf,11,12,f
425,2-8,b:,hqbbbbbsbb,2,8,b
426,4-5,w:,stljwbxpw,4,5,w
427,1-2,z:,grxfpw,1,2,z
428,6-8,w:,wwwwpwwxw,6,8,w
429,8-14,z:,zqzzzzzvzzzzzzgz,8,14,z
430,4-11,b:,cckgrcmbpvbbw,4,11,b
431,2-9,d:,xqxbdddjds,2,9,d
432,3-6,x:,xxrxxx,3,6,x
433,15-16,n:,nnnnnnnnnnnnnndnn,15,16,n
434,6-11,x:,lqmxxxsxxfxxxxlx,6,11,x
435,1-12,s:,vssssshssmsk,1,12,s
436,1-16,m:,bmgkkmwmmzvmmmmmwflv,1,16,m
437,3-15,t:,thkvttsltnbgztt,3,15,t
438,9-17,z:,zzzzzzzzzzzzzzzzzz,9,17,z
439,4-6,f:,fjwfff,4,6,f
440,3-9,d:,ddddddddd,3,9,d
441,6-10,k:,kjkbkkckxkknqkkdc,6,10,k
442,6-7,n:,nsnckwnmn,6,7,n
443,7-13,t:,ptbtjqttwwtftpntdq,7,13,t
444,7-10,r:,wrhhrrrrrwrrrrvqrms,7,10,r
445,2-3,c:,zcrwhtccb,2,3,c
446,5-7,m:,nnwmmdmmmccv,5,7,m
447,3-5,j:,rtjjmjrjl,3,5,j
448,5-6,s:,dssjhsdmbksrks,5,6,s
449,16-18,c:,ccccclcccclccccccc,16,18,c
450,7-16,b:,qpzgqxdbssmzptrv,7,16,b
451,6-8,b:,bnsbbgdbggxbbszbm,6,8,b
452,1-10,h:,lrpstqvhhhhf,1,10,h
453,4-6,s:,tvssppwvss,4,6,s
454,3-4,g:,qqqhcd,3,4,g
455,4-7,c:,qxcqzccckxcpcxcw,4,7,c
456,1-13,m:,nbwdmspmmwbbmm,1,13,m
457,1-2,j:,xjrczrk,1,2,j
458,9-10,w:,wwwwwwwwwd,9,10,w
459,2-4,h:,hhhq,2,4,h
460,7-10,j:,bjmrrjsjthjnnjjxjjd,7,10,j
461,3-7,f:,srfwwfvf,3,7,f
462,3-4,b:,nbbzb,3,4,b
463,3-5,n:,nnnnn,3,5,n
464,7-8,f:,fxfnfffzpqffgdf,7,8,f
465,10-12,k:,kkpkkkpnkkmkjbkk,10,12,k
466,9-10,k:,jkkkkkkkwqk,9,10,k
467,4-6,z:,rzzzzs,4,6,z
468,4-7,v:,vvvtvvjq,4,7,v
469,6-12,z:,dzjnzczzpzgzzzx,6,12,z
470,6-8,s:,smsvbkswslssrdfjsc,6,8,s
471,5-7,b:,bwbbbbbbr,5,7,b
472,1-3,d:,kddbsmmbv,1,3,d
473,3-4,b:,bbbb,3,4,b
474,5-8,r:,rqrrdrrr,5,8,r
475,7-8,m:,mmmmmmzm,7,8,m
476,9-11,q:,xvnlfvhxqfql,9,11,q
477,3-4,w:,wfwj,3,4,w
478,1-3,q:,gqqcqg,1,3,q
479,1-2,q:,cqlxrq,1,2,q
480,6-12,s:,swwjjssjsstmqfssdh,6,12,s
481,2-4,q:,bqqq,2,4,q
482,5-6,c:,ccccbscgfc,5,6,c
483,14-15,x:,xxcxxxxxxxxxxxm,14,15,x
484,6-12,f:,fzfchfnrxfrdffhfl,6,12,f
485,14-17,g:,gggggggggggggjgpgg,14,17,g
486,5-8,n:,njkcngznn,5,8,n
487,10-13,d:,dddlqddddvddr,10,13,d
488,2-4,c:,xgcg,2,4,c
489,2-10,s:,sxsnsdmszwmsss,2,10,s
490,6-12,q:,qbcqspqqqkqrq,6,12,q
491,6-16,n:,xnnnnnnnnnnnnnnfnnn,6,16,n
492,6-12,s:,tssnssmsssssssssnhr,6,12,s
493,1-4,v:,vwvvv,1,4,v
494,8-10,h:,rzmhhjvqhht,8,10,h
495,1-4,t:,ttjdjftfctt,1,4,t
496,1-4,k:,nkkz,1,4,k
497,1-2,q:,vkvqkqq,1,2,q
498,9-19,n:,qxmjqxnxnblqnnqfgsrd,9,19,n
499,15-16,h:,hhhhhhhhhhhhhhghz,15,16,h
500,2-5,g:,jggpxdgwjpsrv,2,5,g
501,12-13,c:,xccccpccrcccc,12,13,c
502,1-13,g:,nfgbghqrljstggcgq,1,13,g
503,14-17,g:,gggggggggggggmggggg,14,17,g
504,4-14,s:,sssbsssssssssgs,4,14,s
505,1-10,d:,rcxvxcgddnhwd,1,10,d
506,4-14,g:,vccvdldqdgzltq,4,14,g
507,8-10,z:,zzdczzvrzzzzr,8,10,z
508,5-10,t:,ctgtttftqtrbt,5,10,t
509,3-5,v:,vvrvx,3,5,v
510,9-10,w:,wwwwwwwwwwwww,9,10,w
511,4-6,c:,hgccmcccc,4,6,c
512,16-18,s:,ssssssssssstssscsh,16,18,s
513,2-7,z:,zzflfrtdx,2,7,z
514,4-10,v:,vvlsvvvvkrc,4,10,v
515,10-16,d:,ddddwddddbdgdddwd,10,16,d
516,3-4,v:,gkbqbtrv,3,4,v
517,3-4,h:,cjdqvwhhththvx,3,4,h
518,3-5,b:,bbbkbrb,3,5,b
519,3-5,m:,ptkqdgsmbcmmblwp,3,5,m
520,4-17,q:,mlqqgsqqqfqkcqqxqq,4,17,q
521,6-17,m:,mdvqvmmxlmzmvmmdm,6,17,m
522,1-3,r:,hrrtrrrrrrrrrwlr,1,3,r
523,3-5,j:,jjjjhj,3,5,j
524,11-12,q:,dqpqqqqqqnzlqq,11,12,q
525,8-11,d:,dddnddnddtdddd,8,11,d
526,3-16,d:,dpddxtlqsqldrpddq,3,16,d
527,7-13,z:,szhzmmzzzzmzzzz,7,13,z
528,6-18,h:,mkxxqtbnnjgnvxnhhhc,6,18,h
529,4-5,n:,nknfrhpn,4,5,n
530,16-17,d:,dddddddgdddddddddd,16,17,d
531,14-16,w:,wwwwwwwwwwwwwwwww,14,16,w
532,2-3,t:,rttfdstqpdtg,2,3,t
533,3-4,s:,gghrfxbfshqssj,3,4,s
534,1-9,j:,bjjjjjjjhjjj,1,9,j
535,1-2,p:,xmpgppppppp,1,2,p
536,9-14,k:,vqpxrkmskfpnxq,9,14,k
537,1-5,x:,xxxxx,1,5,x
538,1-14,p:,bsxnwvpkphdppphpkwp,1,14,p
539,5-12,d:,xdddmzddfddc,5,12,d
540,9-10,v:,gvvvvvgvhnvw,9,10,v
541,2-7,x:,xxxxxwgsvmqnkxv,2,7,x
542,3-15,c:,ccscccccwccccccc,3,15,c
543,5-8,w:,nsvgwzdf,5,8,w
544,7-14,w:,wwwwwwwwwwwfwswcw,7,14,w
545,5-10,r:,qrrlwcrrwz,5,10,r
546,7-12,f:,hfnphfpjffstff,7,12,f
547,2-6,h:,hqjhmph,2,6,h
548,3-13,x:,cpxxxzcrbjxxxb,3,13,x
549,4-8,k:,kkkkktkkkkfkf,4,8,k
550,7-10,g:,gggghghsgwf,7,10,g
551,8-9,s:,sswswssggss,8,9,s
552,6-10,l:,qlllljllhlll,6,10,l
553,8-11,c:,cccwccrbcbccc,8,11,c
554,5-6,x:,xxxxxxg,5,6,x
555,1-3,w:,cwpww,1,3,w
556,8-11,v:,vvvvvvvvvwvv,8,11,v
557,1-2,b:,bbgl,1,2,b
558,7-10,b:,zbkbcbbbsbb,7,10,b
559,13-15,t:,tttttgtttttttktttt,13,15,t
560,12-14,x:,xxxxxxxxxxxxxqf,12,14,x
561,6-7,k:,kmrkkwmk,6,7,k
562,4-5,m:,mmxjmdrhzkmxxphjmz,4,5,m
563,2-3,t:,tnvtndw,2,3,t
564,4-5,x:,xxtxxtxzf,4,5,x
565,1-3,m:,nwmglfscmwrjtzp,1,3,m
566,10-11,c:,cnccckcckcwdc,10,11,c
567,14-19,b:,tvbmrqtchwblbqbbqbb,14,19,b
568,9-10,x:,fxxxxxxxjxx,9,10,x
569,4-5,g:,gggggkggx,4,5,g
570,8-12,k:,kkkkkfkpkqkwkkk,8,12,k
571,2-6,v:,chpvkvt,2,6,v
572,4-10,r:,rmbjmcrgrrfrtmblhw,4,10,r
573,4-6,n:,rnnwtn,4,6,n
574,3-10,v:,htclcjhjkdv,3,10,v
575,10-13,w:,wwwhhwwwrwwzww,10,13,w
576,18-20,w:,wwwwwwjwwwwwwwwvwtww,18,20,w
577,7-8,w:,phrwbwwmc,7,8,w
578,16-17,q:,qqqqqqqqqqqqqqqqx,16,17,q
579,2-5,k:,kzknsxkkgtvmwlfrmrg,2,5,k
580,3-4,b:,zbbbb,3,4,b
581,5-8,v:,hfclvvpc,5,8,v
582,3-15,t:,ctfthpmgznjnhgtth,3,15,t
583,1-6,t:,httttq,1,6,t
584,5-6,w:,wwxhgww,5,6,w
585,3-5,m:,fmtnmmm,3,5,m
586,11-17,n:,xnnchnzpsmcslvzcn,11,17,n
587,5-6,m:,mmmmcm,5,6,m
588,1-7,r:,rwsgcgvjmtxwkqtr,1,7,r
589,6-16,m:,mmmmmmmmmmmqmmmmmm,6,16,m
590,5-10,s:,sssggssssjsssmsss,5,10,s
591,9-14,p:,ppfppzppnvmpqdvpp,9,14,p
592,2-4,l:,wclwrlrdvh,2,4,l
593,6-17,g:,gggmkglggwgpgkmglt,6,17,g
594,5-7,z:,zzzbzpz,5,7,z
595,4-5,q:,qbqqlzpqg,4,5,q
596,10-19,h:,hhhhhhhhhrhhqhhhhhhh,10,19,h
597,6-7,m:,nfnxmsmhtmhsmmmmgmsl,6,7,m
598,2-3,m:,mkfmmm,2,3,m
599,8-10,j:,xrjdnjjjnjjcjjjjjj,8,10,j
600,3-6,x:,xwrjxhjxx,3,6,x
601,6-7,z:,zzzzzzzg,6,7,z
602,8-17,k:,kkkkkkkkkkkkkkkkk,8,17,k
603,6-9,n:,rnnxnnbwnsnnwn,6,9,n
604,6-8,m:,mkmmmsmm,6,8,m
605,4-6,q:,qqfxqqq,4,6,q
606,2-8,s:,hxmfbkszk,2,8,s
607,6-7,r:,rrrrrrr,6,7,r
608,2-5,h:,hhqzhhhh,2,5,h
609,5-15,b:,bhbvnrbrbblbbhh,5,15,b
610,12-13,d:,ddddddtdddvhddd,12,13,d
611,5-6,f:,fmfcfwf,5,6,f
612,4-7,j:,njqfxjjjqjjvdj,4,7,j
613,6-9,g:,fggkggzgghrv,6,9,g
614,9-12,b:,vbblbxpfrbjbgpwxb,9,12,b
615,1-8,s:,tzcdrktsqjsxssfsssh,1,8,s
616,10-14,f:,fffffffffcffffffffff,10,14,f
617,13-17,p:,pqpppppcpbwpppnprppk,13,17,p
618,16-17,n:,nnnmnnnnnnnnnnnsj,16,17,n
619,10-16,k:,kkkkkkkkkkkkkkktk,10,16,k
620,8-11,w:,wwwwwwwwwwm,8,11,w
621,2-5,q:,qqqqqq,2,5,q
622,2-7,m:,mmmmmxg,2,7,m
623,2-9,m:,mmvlggdmr,2,9,m
624,3-9,s:,wxdbmlcrlpnzmkfdfs,3,9,s
625,12-16,z:,zlxzgznqqfzsqtwc,12,16,z
626,6-7,f:,flvmfffjffbmgfzfgfp,6,7,f
627,2-3,g:,cgggqgxqgv,2,3,g
628,2-3,f:,rffvf,2,3,f
629,1-8,h:,vhhhhhhvhhvhhhhf,1,8,h
630,6-12,x:,vzdxxxgxtxzxxxqc,6,12,x
631,4-5,w:,rwwwwww,4,5,w
632,7-10,r:,brwrcrrkcsj,7,10,r
633,6-10,q:,jvqqqqqqqmq,6,10,q
634,5-18,v:,lvhvvwvvvvvlvlvvmv,5,18,v
635,6-9,z:,zzvzcwlzslhlzqsf,6,9,z
636,3-6,x:,sdknfxvwtcfcjgmv,3,6,x
637,8-9,l:,lqcwlllsllll,8,9,l
638,1-4,k:,dgklv,1,4,k
639,2-6,q:,qqqptfqqqqq,2,6,q
640,4-7,m:,mrmcmmmm,4,7,m
641,4-5,r:,rrrblg,4,5,r
642,1-8,c:,qcccccvntc,1,8,c
643,6-7,m:,mzbxmmmnhmqcmmqvbmcp,6,7,m
644,2-4,t:,ptvqx,2,4,t
645,9-10,s:,gpssssssgss,9,10,s
646,4-18,b:,bbbbbbbbbbbbbbbbbfb,4,18,b
647,4-5,f:,ffffgf,4,5,f
648,3-6,l:,lslglw,3,6,l
649,1-5,l:,ltzlllsdlmrllkvbztvr,1,5,l
650,15-19,l:,llllllllllllllnllll,15,19,l
651,10-11,j:,jjjjpjjjjjncj,10,11,j
652,2-3,w:,wfwgd,2,3,w
653,1-7,r:,vrrrzrr,1,7,r
654,3-7,k:,kkkjckkkgkbtvm,3,7,k
655,9-12,k:,kkkkkrckcrkk,9,12,k
656,1-6,b:,hpbjbvb,1,6,b
657,6-8,s:,ssssssvss,6,8,s
658,2-4,x:,mpxk,2,4,x
659,6-10,x:,xxxmrwhgxxxjx,6,10,x
660,7-8,x:,xxphxxxxx,7,8,x
661,6-19,n:,mdrlnnpnjndqgnkfwnnn,6,19,n
662,2-5,q:,qjwtbmkhtnxm,2,5,q
663,15-17,j:,xjjjjjbjqjjjjjjqjjjw,15,17,j
664,5-7,x:,pxxxxsxxsxx,5,7,x
665,3-6,t:,ttttrp,3,6,t
666,8-11,f:,fffffffffrkzf,8,11,f
667,6-8,r:,glsprkbp,6,8,r
668,10-12,m:,mmmmmmmmmmmsm,10,12,m
669,13-14,z:,zzszzzszzbzzzplzzz,13,14,z
670,19-20,c:,ccccchwccccccccccncb,19,20,c
671,7-12,z:,qzggglzlhshnrwt,7,12,z
672,12-14,z:,zzzzzzzzhzzwzc,12,14,z
673,1-2,s:,sssl,1,2,s
674,1-3,q:,fsqmwq,1,3,q
675,1-6,z:,zmzztzkzznmflqffz,1,6,z
676,9-11,b:,bwbbjbbbtlbbn,9,11,b
677,4-6,s:,nktszz,4,6,s
678,2-5,j:,nqjhjkb,2,5,j
679,7-16,l:,lrlllllllmllswlsl,7,16,l
680,2-3,f:,fjqvfff,2,3,f
681,7-15,w:,hwxghddqwwwwwww,7,15,w
682,2-4,z:,zgzfx,2,4,z
683,5-6,h:,vhhjhthh,5,6,h
684,13-14,h:,hhhhhhfhhhhhhhphhhh,13,14,h
685,16-17,k:,kkkkkkkkkkkkkkknx,16,17,k
686,7-15,l:,dllllllmlllfllf,7,15,l
687,2-6,w:,mtkwwwww,2,6,w
688,2-7,k:,zpkkgldk,2,7,k
689,7-9,d:,htmtjddddddqvddcd,7,9,d
690,4-9,v:,rvfbbwzdwcvvqv,4,9,v
691,6-11,m:,mmvmbvmmmsmmlmmm,6,11,m
692,3-8,p:,xpxppsgpbxp,3,8,p
693,2-6,f:,vffbszhvvrdfkxc,2,6,f
694,8-11,v:,lvrrlvvqqvr,8,11,v
695,5-17,h:,hdhhbhhzhhhhhhsbl,5,17,h
696,8-10,f:,fhgffgfrfqtf,8,10,f
697,9-12,s:,ssssfssdpssswf,9,12,s
698,9-12,m:,mmmmmmmmpzgmmm,9,12,m
699,7-9,l:,zlmllvwlllldl,7,9,l
700,8-11,m:,mmdmfmmdxbmxbmm,8,11,m
701,1-4,m:,fklssmffwzgqcvdpm,1,4,m
702,13-14,c:,cczcccccccccccc,13,14,c
703,5-9,f:,frtkfpffsfff,5,9,f
704,5-8,f:,ffffgffr,5,8,f
705,3-8,m:,mmxsmmmb,3,8,m
706,1-6,m:,mdmmmm,1,6,m
707,1-2,h:,hhdtmhwfpt,1,2,h
708,4-14,d:,dmrkdvddmdsdddbsgd,4,14,d
709,6-7,c:,cxccgcccc,6,7,c
710,6-12,v:,xcqvjvvsdvvvpv,6,12,v
711,11-14,d:,gltkjvddwjdkrln,11,14,d
712,2-13,f:,ggffllflfbfffqkfmf,2,13,f
713,10-13,c:,xkvcccccrmccccc,10,13,c
714,17-19,q:,qqsqqqqqqqqqqqqqfqmq,17,19,q
715,8-10,t:,ttttlttwtlt,8,10,t
716,4-5,f:,wffrd,4,5,f
717,2-16,v:,tvhvvqvrvvvvvvqvvf,2,16,v
718,2-4,c:,cccc,2,4,c
719,3-8,z:,zrzzpzlzzhsdxqqfx,3,8,z
720,6-10,k:,kkkkkkkkkk,6,10,k
721,5-7,r:,rvrrvrz,5,7,r
722,14-15,w:,wwwwwwwlwwwwncwvwjk,14,15,w
723,6-11,q:,qfhxqqgqqqsvcpr,6,11,q
724,4-7,f:,kflfffzff,4,7,f
725,2-14,t:,rtttttptlxsttt,2,14,t
726,11-15,t:,ttttttttttftbvqttt,11,15,t
727,6-10,c:,cckwlchltchcczgw,6,10,c
728,3-8,s:,ssssvsqnss,3,8,s
729,1-8,h:,mhhhhrhhh,1,8,h
730,13-15,b:,bbbbbbbbbbbbbbnb,13,15,b
731,15-17,p:,dpppppppppspppcps,15,17,p
732,5-12,l:,xbfjglklphtl,5,12,l
733,2-4,v:,vvvvbvwpvvvrv,2,4,v
734,3-5,k:,plhjkkqkskz,3,5,k
735,6-12,z:,zzzzzczzzzzk,6,12,z
736,2-3,j:,xvjljj,2,3,j
737,6-7,r:,rlrrrrrrzrrzrrr,6,7,r
738,1-12,t:,mqrkgpktbsqxg,1,12,t
739,10-13,z:,pzmzzxpnzxpgzzzhzz,10,13,z
740,5-13,s:,gslsskvgxssssnpj,5,13,s
741,10-14,m:,mmmmmmsmmmmmmk,10,14,m
742,2-5,b:,tnbdsfwdzxrkjdb,2,5,b
743,2-15,h:,hnxhzhmhhhhhwwb,2,15,h
744,1-4,c:,ccccccc,1,4,c
745,9-10,b:,bbbbbbbbbl,9,10,b
746,4-5,j:,jsjjj,4,5,j
747,3-6,n:,xmmnppbn,3,6,n
748,11-12,m:,mmmmmmmmmmmm,11,12,m
749,2-4,r:,jrgrcpvgctrrr,2,4,r
750,3-4,g:,gggr,3,4,g
751,14-17,n:,nhnpnnnnznnnnnnnknnm,14,17,n
752,4-5,k:,krkkf,4,5,k
753,11-17,h:,hhdhhhhhhhhghhkhx,11,17,h
754,5-19,q:,dqbcqqqqsqqzqqqqqqv,5,19,q
755,5-16,t:,ttrkttttstwttttqdt,5,16,t
756,11-18,h:,dhhhhhhhhjhtjhhhhhh,11,18,h
757,5-8,c:,ccccrccfc,5,8,c
758,1-3,v:,nvvnv,1,3,v
759,7-12,m:,prmmzmtmmmssdmmmmt,7,12,m
760,15-16,r:,rrrrrrrrrrrrrqfr,15,16,r
761,7-19,b:,djbbbbqjbdtbslbgbbmb,7,19,b
762,10-13,w:,wwwwwwwwwwwwww,10,13,w
763,5-15,p:,mbpcjqmmhpppkfmrbcww,5,15,p
764,2-4,n:,nxbjknms,2,4,n
765,5-11,s:,hxhcsldmxshdksvsss,5,11,s
766,12-16,q:,qqqqqqqpqcdqqtwkqvq,12,16,q
767,2-7,j:,tjlpcjjjjnj,2,7,j
768,6-7,s:,ssssskm,6,7,s
769,1-4,t:,tttttx,1,4,t
770,5-10,q:,pqmnqrlqchbjzqqvq,5,10,q
771,11-15,q:,qqqqqqqqqqhqrqqrqq,11,15,q
772,3-5,k:,jhkgkxkqfskg,3,5,k
773,14-15,f:,ffvffmfffffffsffqm,14,15,f
774,4-5,x:,xxfxhfxx,4,5,x
775,2-4,b:,ktbv,2,4,b
776,3-4,t:,wjtwxvxctrcttb,3,4,t
777,1-3,s:,shssg,1,3,s
778,8-12,z:,skkzbdpzdkzzz,8,12,z
779,1-3,f:,rlfffqft,1,3,f
780,5-8,s:,fsrcnjsgsmgs,5,8,s
781,7-17,v:,vvvvvvvvvvvvvvvvvvv,7,17,v
782,4-5,k:,kklmq,4,5,k
783,8-17,h:,hhhhhlvghwkhrfzhxh,8,17,h
784,17-18,n:,nnnnnnnnnnnnnnnnnn,17,18,n
785,3-10,h:,mhhhhrhznwvhh,3,10,h
786,8-9,x:,xmxxxxxxx,8,9,x
787,4-5,p:,ppppk,4,5,p
788,11-13,t:,tttttttttttjtcn,11,13,t
789,3-4,q:,qqvhz,3,4,q
790,3-8,l:,gbpqclnkwlhdlml,3,8,l
791,12-13,f:,fffffffffffrf,12,13,f
792,3-11,s:,ssjssssssslssss,3,11,s
793,6-7,b:,bbbbbwbb,6,7,b
794,7-9,r:,krrrrrfrj,7,9,r
795,13-14,b:,bbbbbbbbbvbbbp,13,14,b
796,2-4,x:,ltgbx,2,4,x
797,7-10,r:,smrrrrkjrrr,7,10,r
798,3-7,n:,vnqpngjdgrw,3,7,n
799,7-18,t:,ttltqtsktrjgxtqhtt,7,18,t
800,2-5,v:,dvvxbvvvnk,2,5,v
801,2-5,n:,nnnnnpn,2,5,n
802,1-3,t:,nttmtx,1,3,t
803,3-4,z:,zpszz,3,4,z
804,1-12,p:,pmpxphlpppppppqppp,1,12,p
805,3-4,v:,qvvvvvv,3,4,v
806,9-12,g:,gwgggggggtgqgg,9,12,g
807,2-4,n:,knpn,2,4,n
808,3-13,d:,hncbdrvpddddcfddd,3,13,d
809,5-9,s:,ssnspslslsfkpskss,5,9,s
810,1-2,s:,ssczgkvtlp,1,2,s
811,5-6,p:,pmvpzpppkm,5,6,p
812,1-4,j:,jjhr,1,4,j
813,5-6,s:,ssssxl,5,6,s
814,1-3,t:,ttrt,1,3,t
815,16-18,n:,nnpnnnnnnnnnnnnnnnn,16,18,n
816,4-5,n:,nnfnl,4,5,n
817,1-4,b:,bbbb,1,4,b
818,7-8,l:,nljlllkhl,7,8,l
819,11-12,n:,nnnnnsnnnnnnnpn,11,12,n
820,5-10,k:,kkkkckkkkhkkkkk,5,10,k
821,7-10,s:,zfsssfldxsvqsxdsqs,7,10,s
822,5-6,q:,qqqqqp,5,6,q
823,6-7,q:,qqqqqqq,6,7,q
824,14-16,w:,wwdhmwwjwwwwnwwlwwwv,14,16,w
825,8-9,l:,llllllldll,8,9,l
826,12-14,c:,ccrccccccccrcccccccc,12,14,c
827,1-3,n:,qnwnh,1,3,n
828,1-4,l:,mlll,1,4,l
829,1-3,s:,sssssss,1,3,s
830,4-15,h:,mhclhhhjllhhhgh,4,15,h
831,15-16,x:,xxxxxxtxxxxxtxttxx,15,16,x
832,2-4,r:,rmjh,2,4,r
833,6-9,z:,zzzzzpszt,6,9,z
834,17-18,n:,nnwnnnnnnnnnnnnnppnn,17,18,n
835,8-11,v:,vmvmvlvbvvvvv,8,11,v
836,7-8,b:,bbbbbbdf,7,8,b
837,2-5,k:,kkdkk,2,5,k
838,8-9,d:,dddsldddvxlhd,8,9,d
839,7-8,h:,hhhhkhxshxhn,7,8,h
840,12-14,c:,vcchpxcnmgkctpqcc,12,14,c
841,1-5,w:,wwwwww,1,5,w
842,1-2,x:,xdmk,1,2,x
843,1-9,p:,pbfvrdpqqn,1,9,p
844,2-4,s:,mtnvzhnzs,2,4,s
845,4-6,t:,cttxvtttx,4,6,t
846,4-8,t:,qttmtzttkwftrjk,4,8,t
847,7-9,c:,cccccccccc,7,9,c
848,2-18,j:,zjjqxjfqqlmjrjhjqx,2,18,j
849,2-5,q:,qmkqgq,2,5,q
850,5-11,k:,kkkkkkslzkkkkkrx,5,11,k
851,16-18,h:,hhhhhhhhhqhthhhvhh,16,18,h
852,5-13,h:,hhfhhhhhmhhshhhhhhh,5,13,h
853,10-12,r:,rkrrrrrmrrrrrr,10,12,r
854,8-10,n:,rnnckhmjnxmfggsgtnnn,8,10,n
855,19-20,c:,qsccznccccccnccccccq,19,20,c
856,1-4,k:,wtkck,1,4,k
857,7-8,s:,sssmssjssss,7,8,s
858,3-5,l:,llslv,3,5,l
859,3-7,t:,tvgjqgjbvtgpkt,3,7,t
860,13-15,b:,bbbbbbbbqbblrbbb,13,15,b
861,9-10,z:,zzzzzznzzb,9,10,z
862,6-16,c:,kpcnsccgccxfwccl,6,16,c
863,2-3,d:,ddbd,2,3,d
864,10-16,v:,vvvvqrvvsvvvvvvl,10,16,v
865,3-12,d:,dzdxxhddnlkddddk,3,12,d
866,8-9,b:,khbbbfbbbbb,8,9,b
867,11-12,z:,zzzzzzzzzzzz,11,12,z
868,5-15,n:,bnlvnnrjbnqlnnn,5,15,n
869,1-2,q:,mqqpzjc,1,2,q
870,11-13,h:,hhhhhhchhhhjhh,11,13,h
871,8-11,x:,nxfcxbjqxdlcxxxkxxx,8,11,x
872,14-18,v:,vvbqvvvvvvvvvvvvvvvv,14,18,v
873,7-8,f:,pgtlfffmjffnt,7,8,f
874,10-18,m:,mnkrmmmmmqmmmmmmmjm,10,18,m
875,1-4,l:,lghlhcnwprlgvw,1,4,l
876,3-4,p:,npxplpwl,3,4,p
877,12-15,s:,sfkwnvsssvssssfsssrp,12,15,s
878,3-7,z:,ztqnzlxjmzzbjfnxcw,3,7,z
879,17-18,q:,qqqqqqqqqqqqqqqqqq,17,18,q
880,3-6,z:,jczztzzbhmzzw,3,6,z
881,3-7,f:,skffttjffqfnchfrf,3,7,f
882,4-6,m:,hmqmcrmw,4,6,m
883,10-11,t:,dftttqttttttl,10,11,t
884,7-13,p:,spxnpgtzpppjpwppptp,7,13,p
885,8-9,q:,jqxqqqqxqq,8,9,q
886,3-4,h:,hhhh,3,4,h
887,10-13,z:,pgzxhxxpzzssj,10,13,z
888,5-9,x:,xfrdmjxmrxrqjpxbfxxx,5,9,x
889,8-17,d:,ddpddddddddsgddzddn,8,17,d
890,1-4,g:,vggdggggggggggggggg,1,4,g
891,10-12,m:,mmdqsmwvjjmv,10,12,m
892,2-7,s:,ssqsssk,2,7,s
893,13-14,n:,nnvnnnnnnnnnsgnn,13,14,n
894,2-16,k:,kkkkkkkkkkknkkkk,2,16,k
895,3-6,p:,dprphc,3,6,p
896,2-10,k:,mpkstkxkdb,2,10,k
897,2-3,s:,ssxs,2,3,s
898,9-19,t:,ttjttjttrtsqtmttttt,9,19,t
899,4-5,j:,jrjjtsjjd,4,5,j
900,6-7,x:,xxxpxjx,6,7,x
901,13-15,q:,fqfqqqqhqcqfqqbqqq,13,15,q
902,1-3,z:,zfgrzl,1,3,z
903,6-8,n:,nnnnnphm,6,8,n
904,1-8,b:,bbbbbbbbb,1,8,b
905,4-5,h:,thhgj,4,5,h
906,4-8,v:,vvvcvvvp,4,8,v
907,8-9,t:,ktttttttt,8,9,t
908,3-4,f:,wftbcfnmhkfdpjbns,3,4,f
909,6-7,v:,vvvvvlv,6,7,v
910,16-17,z:,zzzzhfzzzzzzkzzzwzzz,16,17,z
911,1-2,q:,qqqfq,1,2,q
912,10-11,p:,zpjzcppvcppppppppj,10,11,p
913,10-15,c:,vlccbcgcclcczfcfcc,10,15,c
914,11-17,t:,tsntktwzhsfttfwtx,11,17,t
915,1-7,h:,nhhhhhb,1,7,h
916,6-13,b:,bbbphnbbwbbbb,6,13,b
917,8-9,x:,xgxxxlxfxx,8,9,x
918,14-16,m:,mmmmmmmmmmmmmmmm,14,16,m
919,3-4,x:,xxbxx,3,4,x
920,6-9,c:,xkccsfccrccv,6,9,c
921,10-18,h:,jphhbshwghrxpnhnlhxh,10,18,h
922,6-10,f:,nlxbgvftfh,6,10,f
923,3-4,p:,ppwf,3,4,p
924,1-6,s:,kjwjwshcnqwxgwslvl,1,6,s
925,2-3,m:,mmlk,2,3,m
926,2-3,g:,gmgg,2,3,g
927,3-6,r:,rrrvrmr,3,6,r
928,1-6,s:,szgpksczqd,1,6,s
929,12-14,t:,ttttttpjvtqwtltt,12,14,t
930,1-2,r:,hrrrrvrrzj,1,2,r
931,1-13,m:,xmmmmmsmmmcsnmmmmfmm,1,13,m
932,10-11,f:,fffffffffsf,10,11,f
933,13-15,d:,ddddddddddddhdq,13,15,d
934,7-14,k:,jkkkkkkkrkmkkkk,7,14,k
935,6-9,g:,ggggggggg,6,9,g
936,14-16,l:,lllllllvlllllwtx,14,16,l
937,1-3,g:,ggggt,1,3,g
938,3-4,m:,mmkd,3,4,m
939,5-10,g:,jgsgvggwggj,5,10,g
940,17-18,p:,ppppppppppppppphpp,17,18,p
941,1-2,q:,qqjwhq,1,2,q
942,2-6,q:,qqgqqzk,2,6,q
943,11-16,t:,ttwttttttctttthgt,11,16,t
944,1-5,m:,zmmmsm,1,5,m
945,12-16,r:,rrrrrrrrrqrgrrrj,12,16,r
946,4-5,v:,xcvvghvrczpcgn,4,5,v
947,1-3,x:,xbfmxxfxxf,1,3,x
948,3-5,j:,hjbjm,3,5,j
949,5-14,l:,lllltlllllqllll,5,14,l
950,3-4,x:,xsxnxgtx,3,4,x
951,6-18,g:,gggggggggggggggggd,6,18,g
952,8-12,t:,tgttttqtcttttt,8,12,t
953,4-6,p:,pppppd,4,6,p
954,6-7,x:,xxxxxxx,6,7,x
955,3-4,c:,fdcclrccccvg,3,4,c
956,11-12,v:,vnvvvvzdvcrk,11,12,v
957,1-9,z:,zztzqzzzzcz,1,9,z
958,1-12,v:,vmvvvvvvvvvmvvvv,1,12,v
959,9-16,v:,vvvvvvvvvvvvvvvf,9,16,v
960,2-7,h:,xhtsfmvthhhrhdhhbbc,2,7,h
961,5-6,c:,qkccccd,5,6,c
962,8-12,z:,zzzzzzzjzzhbzz,8,12,z
963,2-4,n:,shlnnkxn,2,4,n
964,19-20,v:,vvvvvvvvvvvvvvvvvvcv,19,20,v
965,7-8,h:,hhkhhhkhh,7,8,h
966,5-19,p:,sxslgwvkszswqxtqpvf,5,19,p
967,5-8,m:,mmmmmrmbm,5,8,m
968,2-5,j:,jrnjjzjfhjdkjqjtkwk,2,5,j
969,7-13,f:,ffffffsfffffwfff,7,13,f
970,6-9,w:,wmwwdwwwsz,6,9,w
971,12-15,f:,nsffpfsdsjsfsffk,12,15,f
972,13-16,k:,kkkkkkkkkkkkkkhw,13,16,k
973,6-17,s:,ssssslssssssssssss,6,17,s
974,3-5,c:,srdscnncclqqcncsw,3,5,c
975,9-11,p:,pkppppppppp,9,11,p
976,5-10,q:,qqqqqqqqqpqq,5,10,q
977,12-14,n:,nnnnnnnnnnnnnn,12,14,n
978,6-11,h:,hhhhhqhhhhhvhhhh,6,11,h
979,2-12,f:,fgfrpzcstfffffxff,2,12,f
980,2-12,n:,nnxmnmnnnnknrpmnv,2,12,n
981,6-7,m:,jmmmmcnpkm,6,7,m
982,4-6,v:,mvkcwvmvvjvrvlv,4,6,v
983,18-20,h:,hhrmbrhhhhlhhvhmhhhb,18,20,h
984,9-13,g:,ggggggzgggsgfgxg,9,13,g
985,9-15,m:,pmmxmmmmmmmmmmm,9,15,m
986,1-7,l:,zlmsmlxpvvlzv,1,7,l
987,2-15,g:,sslggkdglqgxpgkx,2,15,g
988,17-18,c:,ccccccccccccccccmc,17,18,c
989,10-11,w:,wwwwwpcwwwpwwd,10,11,w
990,3-5,w:,wwwwk,3,5,w
991,8-9,f:,vfbvffsfcf,8,9,f
992,4-6,r:,rrrrrr,4,6,r
993,2-4,n:,nrnknn,2,4,n
994,1-4,l:,lxllllll,1,4,l
995,10-11,f:,qdfwvfffdfvwffgfkfgf,10,11,f
996,3-4,b:,xgxbdqxbfvzrl,3,4,b
997,2-8,b:,pbbkbbgbxr,2,8,b
998,1-2,d:,ddxdnv,1,2,d
999,4-8,d:,dndfcnhd,4,8,d
