,passport,itempass,passportpass
0,"['1971', '2012', '2039', '172in', '17106b', 'gry', '170cm', '339']","[1, 1, 0, 0, 0, 1, 0, 0]",['fail']
1,"['1977', '2011', '2027', '161cm', '#a97842', 'grn', '910468396', None]","[1, 1, 1, 1, 1, 1, 1, 0]",['pass']
2,"['1941', '2012', '2029', '186cm', '#cfa07d', 'gry', '108935675', '257']","[1, 1, 1, 1, 1, 1, 1, 0]",['pass']
3,"['1973', None, '2035', '165in', '#cfa07d', 'xry', '82570731', '74']","[1, 0, 0, 0, 1, 0, 0, 0]",['fail']
4,"['1966', '2012', '2020', '151cm', '#ceb3a1', 'grn', '947726115', '105']","[1, 1, 1, 1, 1, 1, 1, 0]",['pass']
5,"['1966', '2012', '2027', '155cm', '#888785', 'hzl', '853607760', None]","[1, 1, 1, 1, 1, 1, 1, 0]",['pass']
6,"['1952', '2019', '2033', '61cm', 'z', '#7d39d5', '#1468e6', None]","[1, 1, 0, 0, 0, 0, 0, 0]",['fail']
7,"['2008', '2024', '2032', '151in', 'z', 'brn', '2306523501', '266']","[0, 0, 0, 0, 0, 1, 0, 0]",['fail']
8,"['1923', '2019', '2025', '191cm', '#a97842', 'gry', '574171850', None]","[1, 1, 1, 1, 1, 1, 1, 0]",['pass']
9,"['2003', '1987', '2013', '140', 'z', '#19177c', '150cm', '242']","[0, 0, 0, 0, 0, 0, 0, 0]",['fail']
10,"['1959', None, '2028', '169cm', '#7d3b0c', 'gry', '584790749', '107']","[1, 0, 1, 1, 1, 1, 1, 0]",['fail']
11,"['1955', '2020', '2029', '188cm', '#a97842', 'oth', '740105085', '309']","[1, 1, 1, 1, 1, 1, 1, 0]",['pass']
12,"['1974', '2016', '2026', '151cm', '#cfa07d', 'grn', '394185014', None]","[1, 1, 1, 1, 1, 1, 1, 0]",['pass']
13,"['1956', '2014', '2029', '188cm', '#efcc98', 'blu', '226566060', '272']","[1, 1, 1, 1, 1, 1, 1, 0]",['pass']
14,"['2025', '2022', '2006', '169', '#7d3b0c', '#8fa327', '#7c7a9d', None]","[0, 0, 0, 0, 1, 0, 0, 0]",['fail']
15,"['2015', '1975', '1928', '188in', '7bbcce', 'xry', '8939875193', None]","[0, 0, 0, 0, 0, 0, 0, 0]",['fail']
16,"['1997', '2019', '2029', '193cm', '#cfa07d', 'hzl', '141707808', '83']","[1, 1, 1, 1, 1, 1, 1, 0]",['pass']
17,"['1985', '2019', '2022', '165cm', '#6b5442', 'brn', '681586971', None]","[1, 1, 1, 1, 1, 1, 1, 0]",['pass']
18,"['1970', '2016', '2024', '156in', '#efcc98', 'grt', '#e32394', None]","[1, 1, 1, 0, 1, 0, 0, 0]",['fail']
19,"['1935', '2013', '2027', '185cm', '#18171d', 'grn', '341584587', '113']","[1, 1, 1, 1, 1, 1, 1, 0]",['pass']
20,"['1968', '2010', '2024', '98', '#fffffd', 'grn', '738986504', None]","[1, 1, 1, 0, 1, 1, 1, 0]",['fail']
21,"['1960', '2018', '2025', '173cm', '#733820', 'oth', '175337478', '283']","[1, 1, 1, 1, 1, 1, 1, 0]",['pass']
22,"['1959', '2017', '2023', '176cm', '#341e13', 'grn', '566612260', None]","[1, 1, 1, 1, 1, 1, 1, 0]",['pass']
23,"['1945', '2017', '2029', '161cm', '#733820', 'brn', '355095309', '321']","[1, 1, 1, 1, 1, 1, 1, 0]",['pass']
24,"['1996', '2013', '1928', '152cm', '#c0946f', 'lzr', '75316487', '201']","[1, 1, 0, 1, 1, 0, 0, 0]",['fail']
25,"[None, '2010', '2024', '160cm', '#a018b9', 'amb', None, '347']","[0, 1, 1, 1, 1, 1, 0, 0]",['fail']
26,"['1988', '2016', '2021', '166cm', '#866857', 'hzl', '893047101', None]","[1, 1, 1, 1, 1, 1, 1, 0]",['pass']
27,"['1999', '2019', '2024', '178cm', '#7d3b0c', 'blu', '085336099', None]","[1, 1, 1, 1, 1, 1, 1, 0]",['pass']
28,"['2010', '2022', None, '192cm', 'z', 'grt', None, None]","[0, 0, 0, 1, 0, 0, 0, 0]",['fail']
29,"['1957', '2020', '2025', '163cm', '#cfa07d', 'grn', '677187953', None]","[1, 1, 1, 1, 1, 1, 1, 0]",['pass']
30,"['1987', '2013', '2022', '157cm', '#7d3b0c', 'blu', '113078018', '213']","[1, 1, 1, 1, 1, 1, 1, 0]",['pass']
31,"['1992', '2010', '2028', '186cm', '#c0946f', 'blu', None, None]","[1, 1, 1, 1, 1, 1, 0, 0]",['fail']
32,"['2014', None, '1922', '67', '790130', '#35dca0', '#b01156', None]","[0, 0, 0, 0, 0, 0, 0, 0]",['fail']
33,"['1974', '2010', '2030', '173cm', '#602927', 'blu', '116377061', '294']","[1, 1, 1, 1, 1, 1, 1, 0]",['pass']
34,"['1987', '2011', '2022', '151cm', '#733820', 'blu', '#b90d2e', None]","[1, 1, 1, 1, 1, 1, 0, 0]",['fail']
35,"['1990', '2026', '2029', '154cm', '#602927', 'gry', '530373696', '188']","[1, 0, 1, 1, 1, 1, 1, 0]",['fail']
36,"['1965', '2014', '2027', '178cm', '#733820', 'grn', '575371227', None]","[1, 1, 1, 1, 1, 1, 1, 0]",['pass']
37,"['1961', '2020', None, '185cm', '#fffffd', 'amb', '692760311', None]","[1, 1, 0, 1, 1, 1, 1, 0]",['fail']
38,"['1967', '2015', '2035', '177cm', '#cfa07d', 'lzr', '397518948', '328']","[1, 1, 0, 1, 1, 0, 1, 0]",['fail']
39,"['1928', '2010', '2029', '176cm', '#8e1608', 'brn', '554618249', '220']","[1, 1, 1, 1, 1, 1, 1, 0]",['pass']
40,"['1992', '2010', '2030', '66in', '#602927', 'oth', '915661465', '177']","[1, 1, 1, 1, 1, 1, 1, 0]",['pass']
41,"['1936', '2012', '2021', '151cm', '#fffffd', 'brn', '558826437', None]","[1, 1, 1, 1, 1, 1, 1, 0]",['pass']
42,"['1953', '2019', '2033', '190cm', '#6b5442', 'hzl', '584941735', None]","[1, 1, 0, 1, 1, 1, 1, 0]",['fail']
43,"['2015', '2025', '2039', '71cm', 'z', '#663b65', '62548949', None]","[0, 0, 0, 0, 0, 0, 0, 0]",['fail']
44,"['1943', '2020', '2021', '175cm', '#7d3b0c', 'hzl', '830628564', None]","[1, 1, 1, 1, 1, 1, 1, 0]",['pass']
45,"['1951', '2014', '2021', '182cm', '#18171d', 'blu', '635966127', '175']","[1, 1, 1, 1, 1, 1, 1, 0]",['pass']
46,"['1985', '2011', '2022', '192cm', '#733820', 'grn', '581100835', None]","[1, 1, 1, 1, 1, 1, 1, 0]",['pass']
47,"['1981', '2013', '2029', '185cm', '#a97842', 'grn', '711625030', None]","[1, 1, 1, 1, 1, 1, 1, 0]",['pass']
48,"['1995', '2015', '2028', None, '#733820', 'hzl', '326992839', None]","[1, 1, 1, 0, 1, 1, 1, 0]",['fail']
49,"['2029', '2028', '2037', '160', 'z', '#6b6b83', '7692333345', '123']","[0, 0, 0, 0, 0, 0, 0, 0]",['fail']
50,"['2028', '2030', '2039', '165cm', '#6b5442', '#21516d', '182cm', None]","[0, 0, 0, 1, 1, 0, 0, 0]",['fail']
51,"['1934', '2018', '2028', '159cm', '#602927', 'amb', '610521467', None]","[1, 1, 1, 1, 1, 1, 1, 0]",['pass']
52,"['1971', '2020', '2025', '162cm', '#09d9a5', 'blu', '406714780', None]","[1, 1, 1, 1, 1, 1, 1, 0]",['pass']
53,"['2002', '2015', '2022', '179cm', '#18171d', 'blu', '314891131', None]","[1, 1, 1, 1, 1, 1, 1, 0]",['pass']
54,"['1990', '2011', '2027', '181cm', '#623a2f', 'grn', '442693333', None]","[1, 1, 1, 1, 1, 1, 1, 0]",['pass']
55,"['1984', '2022', '1939', '60cm', '#18171d', '#d6ac04', '557187110', None]","[1, 0, 0, 0, 1, 0, 1, 0]",['fail']
56,"['1948', '2018', '2023', '174cm', '#866857', 'grn', '438876745', '321']","[1, 1, 1, 1, 1, 1, 1, 0]",['pass']
57,"[None, '2012', '2030', '189cm', '#602927', 'brn', '978388052', None]","[0, 1, 1, 1, 1, 1, 1, 0]",['fail']
58,"['1938', '2013', '2029', '171cm', '#ceb3a1', 'amb', '315825546', '235']","[1, 1, 1, 1, 1, 1, 1, 0]",['pass']
59,"['2010', None, '2001', '76cm', 'z', 'dne', None, '185']","[0, 0, 0, 0, 0, 0, 0, 0]",['fail']
60,"['1988', '2010', '2021', '66in', '#733820', 'oth', '558453117', None]","[1, 1, 1, 1, 1, 1, 1, 0]",['pass']
61,"['1926', '2016', '2023', '159cm', '#efcc98', 'oth', '796557821', '155']","[1, 1, 1, 1, 1, 1, 1, 0]",['pass']
62,"['2023', '2017', '2031', '132', '0ba99a', '#9b89b1', '14902250', None]","[0, 1, 0, 0, 0, 0, 0, 0]",['fail']
63,"['1926', '2016', '2029', '159cm', '#a97842', 'blu', None, '205']","[1, 1, 1, 1, 1, 1, 0, 0]",['fail']
64,"['1939', None, '2026', '174cm', '#866857', 'brn', '025607627', '309']","[1, 0, 1, 1, 1, 1, 1, 0]",['fail']
65,"['1991', '2014', None, '190cm', '#cfa07d', 'hzl', '805133506', '350']","[1, 1, 0, 1, 1, 1, 1, 0]",['fail']
66,"['1941', '2013', '2024', '155cm', '#602927', 'amb', '531781358', '164']","[1, 1, 1, 1, 1, 1, 1, 0]",['pass']
67,"['1969', None, '2029', '164cm', '#72a068', 'brn', '621006770', None]","[1, 0, 1, 1, 1, 1, 1, 0]",['fail']
68,"['1991', '2020', '2029', '62in', '#623a2f', 'grn', '9921729009', None]","[1, 1, 1, 1, 1, 1, 0, 0]",['fail']
69,"['1937', '2017', '2020', '157cm', '#866857', 'hzl', '768217275', None]","[1, 1, 1, 1, 1, 1, 1, 0]",['pass']
70,"['1993', '2010', '2021', '174cm', '#733820', 'hzl', '722650020', '270']","[1, 1, 1, 1, 1, 1, 1, 0]",['pass']
71,"['1929', '2010', '2022', '154cm', '#c0946f', 'blu', '357023679', None]","[1, 1, 1, 1, 1, 1, 1, 0]",['pass']
72,"['1979', '2013', '2023', '165cm', '#733820', 'hzl', '008734536', None]","[1, 1, 1, 1, 1, 1, 1, 0]",['pass']
73,"['1993', '2014', '2030', '193cm', '#341e13', 'blu', '536339538', '346']","[1, 1, 1, 1, 1, 1, 1, 0]",['pass']
74,"['1977', '2010', '2030', '179cm', '#efcc98', 'hzl', '660062554', '296']","[1, 1, 1, 1, 1, 1, 1, 0]",['pass']
75,"['1950', '2015', '2029', '159cm', '#18171d', 'gmt', '498520651', '119']","[1, 1, 1, 1, 1, 0, 1, 0]",['fail']
76,"['1952', '2010', '2025', '181cm', '#efcc98', 'oth', '196372989', None]","[1, 1, 1, 1, 1, 1, 1, 0]",['pass']
77,"['1927', '2018', '2026', '184cm', '#733820', 'blu', '549730813', '317']","[1, 1, 1, 1, 1, 1, 1, 0]",['pass']
78,"['1920', '2017', '2021', '180cm', '#cfa07d', 'blu', '591769824', None]","[1, 1, 1, 1, 1, 1, 1, 0]",['pass']
79,"['1955', '2015', '2029', '183cm', '#623a2f', 'blu', '988946348', '117']","[1, 1, 1, 1, 1, 1, 1, 0]",['pass']
80,"[None, '2014', '2026', '184cm', '#7d3b0c', 'oth', '252101860', None]","[0, 1, 1, 1, 1, 1, 1, 0]",['fail']
81,"['1995', '2012', '2028', '182cm', '#6b5442', 'brn', '482757872', None]","[1, 1, 1, 1, 1, 1, 1, 0]",['pass']
82,"['1951', '2017', '2021', '157cm', '#623a2f', 'gry', '487895819', '333']","[1, 1, 1, 1, 1, 1, 1, 0]",['pass']
83,"['1927', '2014', '2025', '193cm', '#fffffd', 'oth', '989206297', None]","[1, 1, 1, 1, 1, 1, 1, 0]",['pass']
84,"['1953', '2013', '2030', '193cm', '#18171d', 'brn', '862636088', None]","[1, 1, 1, 1, 1, 1, 1, 0]",['pass']
85,"['1923', '2015', '2023', '181cm', '#fffffd', 'gry', '204286737', None]","[1, 1, 1, 1, 1, 1, 1, 0]",['pass']
86,"['1943', '2012', '2020', '171cm', '#623a2f', 'gry', '413935643', '288']","[1, 1, 1, 1, 1, 1, 1, 0]",['pass']
87,"['2023', '2029', '2009', '183cm', '#c0946f', 'oth', '182634296', '306']","[0, 0, 0, 1, 1, 1, 1, 0]",['fail']
88,"['2003', '2027', '2026', '188cm', '#fffffd', 'hzl', '734296691', None]","[0, 0, 1, 1, 1, 1, 1, 0]",['fail']
89,"['1944', '2017', '2020', '74in', '#18171d', 'gry', '401957684', '141']","[1, 1, 1, 1, 1, 1, 1, 0]",['pass']
90,"['1925', '2020', '2022', '170in', 'z', 'grn', '335097003', None]","[1, 1, 1, 0, 0, 1, 1, 0]",['fail']
91,"['1995', '2012', '2024', '173cm', '#18171d', 'blu', '727198487', '323']","[1, 1, 1, 1, 1, 1, 1, 0]",['pass']
92,"['1995', '2020', '2028', '76in', '#602927', 'amb', '460274414', None]","[1, 1, 1, 1, 1, 1, 1, 0]",['pass']
93,"['2002', '2016', '2023', '172cm', '#fffffd', 'oth', '101164770', None]","[1, 1, 1, 1, 1, 1, 1, 0]",['pass']
94,"['1959', '2016', '2025', '186cm', '#888785', 'blu', '031162631', None]","[1, 1, 1, 1, 1, 1, 1, 0]",['pass']
95,"['1970', '2020', '2025', '188cm', '#6b5442', 'blu', '093242619', None]","[1, 1, 1, 1, 1, 1, 1, 0]",['pass']
96,"['1990', '2011', '2025', '62in', '#602927', 'grn', '907309460', None]","[1, 1, 1, 1, 1, 1, 1, 0]",['pass']
97,"['1977', '2010', '2021', '169cm', '#b6652a', 'oth', '346468647', '233']","[1, 1, 1, 1, 1, 1, 1, 0]",['pass']
98,"['1944', '2011', '2028', '187cm', '#b6652a', 'gry', '904834317', '281']","[1, 1, 1, 1, 1, 1, 1, 0]",['pass']
99,"['1953', '2015', '1988', '156in', '#fa2e93', 'gry', '663941602', None]","[1, 1, 0, 0, 1, 1, 1, 0]",['fail']
100,"['1998', '2017', '2023', '184cm', None, 'gry', '094829817', '107']","[1, 1, 1, 1, 0, 1, 1, 0]",['fail']
101,"['1955', None, '2020', None, '#a97842', 'gry', '553841536', None]","[1, 0, 1, 0, 1, 1, 1, 0]",['fail']
102,"['1934', '2016', '2022', '185cm', '#341e13', 'oth', '863541754', '178']","[1, 1, 1, 1, 1, 1, 1, 0]",['pass']
103,"['1937', '2014', '2029', '177cm', '#fffffd', 'blu', '076753558', '232']","[1, 1, 1, 1, 1, 1, 1, 0]",['pass']
104,"['1972', '2017', '2028', '168cm', '#cfa07d', 'grn', '664159349', None]","[1, 1, 1, 1, 1, 1, 1, 0]",['pass']
105,"['1987', '2018', '2020', '182cm', '#a97842', 'brn', '560272731', None]","[1, 1, 1, 1, 1, 1, 1, 0]",['pass']
106,"['1926', '2014', None, '172cm', '#ceb3a1', 'blu', '291640184', '125']","[1, 1, 0, 1, 1, 1, 1, 0]",['fail']
107,"['2018', '2027', '1927', '84', 'z', '#b68fec', '809408661', '87']","[0, 0, 0, 0, 0, 0, 1, 0]",['fail']
108,"['1957', '2015', '2025', '161cm', '#4b8216', 'brn', '951007276', '260']","[1, 1, 1, 1, 1, 1, 1, 0]",['pass']
109,"['1965', '2013', '2022', '169cm', '#6b5442', 'brn', '359973697', None]","[1, 1, 1, 1, 1, 1, 1, 0]",['pass']
110,"['2000', '2012', '2024', '65in', '#341e13', 'amb', '842371195', None]","[1, 1, 1, 1, 1, 1, 1, 0]",['pass']
111,"['1950', '2021', '2037', '170cm', '#18171d', 'hzl', '389051819', '289']","[1, 0, 0, 1, 1, 1, 1, 0]",['fail']
112,"['1921', '2011', '2020', '159cm', '#c0946f', 'amb', '010539976', None]","[1, 1, 1, 1, 1, 1, 1, 0]",['pass']
113,"['1982', '2015', '2024', '176cm', '#866857', 'amb', '838338992', '270']","[1, 1, 1, 1, 1, 1, 1, 0]",['pass']
114,"['1987', '2010', '2022', '185cm', '#fffffd', 'blu', '042361456', '246']","[1, 1, 1, 1, 1, 1, 1, 0]",['pass']
115,"['1969', '2010', '2030', '164cm', '#c0946f', 'brn', '881486702', None]","[1, 1, 1, 1, 1, 1, 1, 0]",['pass']
116,"['1922', '2019', '2025', '167cm', '#6b5442', 'amb', '343956182', '207']","[1, 1, 1, 1, 1, 1, 1, 0]",['pass']
117,"['1964', '2012', '2024', '158cm', '#602927', 'oth', None, None]","[1, 1, 1, 1, 1, 1, 0, 0]",['fail']
118,"['1988', '2012', '2020', '154cm', '#3edc53', 'gry', '030965463', '227']","[1, 1, 1, 1, 1, 1, 1, 0]",['pass']
119,"['1945', None, '2030', '178cm', '#c0946f', 'amb', None, None]","[1, 0, 1, 1, 1, 1, 0, 0]",['fail']
120,"['1928', '2016', '2027', '158cm', '#733820', 'gry', '270264980', '259']","[1, 1, 1, 1, 1, 1, 1, 0]",['pass']
121,"['2026', '2024', '2033', '164in', 'z', 'xry', '2517730699', '235']","[0, 0, 0, 0, 0, 0, 0, 0]",['fail']
122,"['1987', '2018', '2035', '69cm', '#fffffd', 'grn', '1321222581', None]","[1, 1, 0, 0, 1, 1, 0, 0]",['fail']
123,"['1923', '2013', '2028', '74in', '#733820', 'gry', '794178180', '244']","[1, 1, 1, 1, 1, 1, 1, 0]",['pass']
124,"['1934', '2018', '2027', '185cm', '#a97842', 'hzl', '401882857', None]","[1, 1, 1, 1, 1, 1, 1, 0]",['pass']
125,"['1990', '2018', '2026', '154cm', '#623a2f', 'hzl', '665564950', None]","[1, 1, 1, 1, 1, 1, 1, 0]",['pass']
126,"['1967', None, '2021', '163cm', '#602927', 'amb', '332861702', '189']","[1, 0, 1, 1, 1, 1, 1, 0]",['fail']
127,"['1929', '2018', '2020', '184cm', '#a97842', 'grn', '734161280', None]","[1, 1, 1, 1, 1, 1, 1, 0]",['pass']
128,"['1925', '2018', '2022', '193cm', '#341e13', 'hzl', '008582320', None]","[1, 1, 1, 1, 1, 1, 1, 0]",['pass']
129,"['2025', '2025', '2034', '167cm', 'z', 'dne', '48963526', None]","[0, 0, 0, 1, 0, 0, 0, 0]",['fail']
130,"['1936', '2020', '2029', '186cm', '#cfa07d', 'hzl', '328573727', '194']","[1, 1, 1, 1, 1, 1, 1, 0]",['pass']
131,"['1958', '2011', '2027', '188cm', '#6b5442', 'gry', '338435675', '326']","[1, 1, 1, 1, 1, 1, 1, 0]",['pass']
132,"['2027', '1996', '2034', '70', 'z', '#75606f', '165cm', '210']","[0, 0, 0, 0, 0, 0, 0, 0]",['fail']
133,"['2026', '2016', '1995', '180in', '#a0515a', None, '#97a753', None]","[0, 1, 0, 0, 1, 0, 0, 0]",['fail']
134,"['1978', '2012', '2020', '68in', '#18171d', 'amb', '332495922', '346']","[1, 1, 1, 1, 1, 1, 1, 0]",['pass']
135,"['1961', '2020', '2028', '61in', '#4992f2', 'blu', '747650669', None]","[1, 1, 1, 1, 1, 1, 1, 0]",['pass']
136,"['1958', '2017', '2023', '153cm', '#602927', 'oth', '108391213', None]","[1, 1, 1, 1, 1, 1, 1, 0]",['pass']
137,"['1976', '2015', '2023', '177cm', '#8069c4', 'grn', '391628371', None]","[1, 1, 1, 1, 1, 1, 1, 0]",['pass']
138,"['1924', None, '2029', '188cm', '#82dfdc', 'gry', '910402636', None]","[1, 0, 1, 1, 1, 1, 1, 0]",['fail']
139,"['1978', '2017', '2027', '174cm', '#6b6569', 'blu', '302223240', None]","[1, 1, 1, 1, 1, 1, 1, 0]",['pass']
140,"['1995', '2015', '2023', '75in', '#7d3b0c', 'oth', '054611703', '135']","[1, 1, 1, 1, 1, 1, 1, 0]",['pass']
141,"[None, '2019', '2020', '184cm', '#efcc98', 'grn', '444944678', None]","[0, 1, 1, 1, 1, 1, 1, 0]",['fail']
142,"['1946', '2018', '2022', '70in', '#6b5442', 'amb', '859762925', None]","[1, 1, 1, 1, 1, 1, 1, 0]",['pass']
143,"['1995', '2018', '2022', '183in', '#341e13', 'grn', '575081777', None]","[1, 1, 1, 0, 1, 1, 1, 0]",['fail']
144,"['1989', '2020', '2028', '162cm', '#0bd11f', 'gry', '073498924', None]","[1, 1, 1, 1, 1, 1, 1, 0]",['pass']
145,"['1982', '2014', '2021', '184cm', '#866857', 'hzl', '122787281', '138']","[1, 1, 1, 1, 1, 1, 1, 0]",['pass']
146,"['2014', '2025', '2023', '185in', 'z', 'gmt', '5529128129', '198']","[0, 0, 1, 0, 0, 0, 0, 0]",['fail']
147,"['1980', '2019', '2021', '170cm', '#ceb3a1', 'oth', '943445928', '74']","[1, 1, 1, 1, 1, 1, 1, 0]",['pass']
148,"['1962', '2020', '2030', '169cm', '#fffffd', 'grn', '201122734', '246']","[1, 1, 1, 1, 1, 1, 1, 0]",['pass']
149,"['1989', '2012', '2025', '182cm', '#cfa07d', 'blu', '025560194', None]","[1, 1, 1, 1, 1, 1, 1, 0]",['pass']
150,"['1983', '2013', '2023', '151cm', '#efcc98', 'blu', '814513328', '73']","[1, 1, 1, 1, 1, 1, 1, 0]",['pass']
151,"['1961', '2013', '2027', '188cm', '#888785', 'amb', '536384108', '121']","[1, 1, 1, 1, 1, 1, 1, 0]",['pass']
152,"['2000', '2016', '2024', '187cm', '#b6652a', 'amb', '364607819', None]","[1, 1, 1, 1, 1, 1, 1, 0]",['pass']
153,"['2026', '2028', '1956', '168cm', 'z', '#5b17d3', None, '105']","[0, 0, 0, 1, 0, 0, 0, 0]",['fail']
154,"['2001', '2019', '2026', '180cm', '#866857', 'brn', '913509058', '207']","[1, 1, 1, 1, 1, 1, 1, 0]",['pass']
155,"['1957', '2013', '2027', '62in', '#866857', 'gry', '363979129', None]","[1, 1, 1, 1, 1, 1, 1, 0]",['pass']
156,"['1932', '2013', '2027', '66in', '#efcc98', 'hzl', '417620217', None]","[1, 1, 1, 1, 1, 1, 1, 0]",['pass']
157,"['1935', '2013', None, '192cm', '#d896d9', None, '795744816', '331']","[1, 1, 0, 1, 1, 0, 1, 0]",['fail']
158,"['1960', '2015', '2030', '176cm', '#888785', 'hzl', '025206542', None]","[1, 1, 1, 1, 1, 1, 1, 0]",['pass']
159,"['1997', '2018', '2028', '182cm', '#341e13', 'oth', '526568190', '280']","[1, 1, 1, 1, 1, 1, 1, 0]",['pass']
160,"['1993', '2018', '2021', '186cm', '#733820', 'blu', '273625601', None]","[1, 1, 1, 1, 1, 1, 1, 0]",['pass']
161,"['1981', '2012', '2024', '74cm', '#733820', 'amb', '154027492', None]","[1, 1, 1, 0, 1, 1, 1, 0]",['fail']
162,"['1955', '2013', '2030', '176cm', '#a97842', 'oth', '347084450', '229']","[1, 1, 1, 1, 1, 1, 1, 0]",['pass']
163,"['1979', '2017', '2023', '177cm', '#fffffd', 'blu', '183840860', None]","[1, 1, 1, 1, 1, 1, 1, 0]",['pass']
164,"['1928', None, '2021', '190cm', '#602927', 'gry', '045246162', None]","[1, 0, 1, 1, 1, 1, 1, 0]",['fail']
165,"['1991', '2019', '2022', '162cm', '#602927', 'amb', '273620987', '269']","[1, 1, 1, 1, 1, 1, 1, 0]",['pass']
166,"['2020', '2014', '2027', '189cm', '#fffffd', 'amb', '621069556', '202']","[0, 1, 1, 1, 1, 1, 1, 0]",['fail']
167,"['1988', '2018', '2022', '190cm', '#602927', 'gry', '349839553', None]","[1, 1, 1, 1, 1, 1, 1, 0]",['pass']
168,"['1984', '2014', '2025', '179cm', '#733820', 'gry', '231854667', '102']","[1, 1, 1, 1, 1, 1, 1, 0]",['pass']
169,"['1997', '2020', '2020', '172cm', '#cfa07d', 'grn', '509400891', None]","[1, 1, 1, 1, 1, 1, 1, 0]",['pass']
170,"['1994', '2017', '2029', '174cm', '#fffffd', 'amb', '685743124', None]","[1, 1, 1, 1, 1, 1, 1, 0]",['pass']
171,"['1999', '2012', '2028', '177cm', '#b6652a', 'oth', '549190825', '316']","[1, 1, 1, 1, 1, 1, 1, 0]",['pass']
172,"['1924', '2011', '2029', '192cm', '#efcc98', 'grn', '215962187', None]","[1, 1, 1, 1, 1, 1, 1, 0]",['pass']
173,"['1959', '2011', '2023', '184cm', '#866857', 'gry', '204093118', '164']","[1, 1, 1, 1, 1, 1, 1, 0]",['pass']
174,"['1938', '2013', '2022', '172cm', '#3f2f3a', 'hzl', '623470811', None]","[1, 1, 1, 1, 1, 1, 1, 0]",['pass']
175,"['2006', '2019', None, '152in', '#b6652a', 'oth', '189008850', None]","[0, 1, 0, 0, 1, 1, 1, 0]",['fail']
176,"['1924', '2014', '2026', '150cm', '#602927', 'oth', '049746898', None]","[1, 1, 1, 1, 1, 1, 1, 0]",['pass']
177,"['2018', '2018', '2028', '190cm', '#733820', 'oth', '8676207205', None]","[0, 1, 1, 1, 1, 1, 0, 0]",['fail']
178,"['1936', '2014', '2023', '170cm', '#18171d', 'oth', '874405208', '308']","[1, 1, 1, 1, 1, 1, 1, 0]",['pass']
179,"['1988', '2016', '2021', '164cm', '#c0946f', 'hzl', '423603306', '147']","[1, 1, 1, 1, 1, 1, 1, 0]",['pass']
180,"['1988', '2010', '2028', '176cm', '#6b5442', 'hzl', '967151288', '280']","[1, 1, 1, 1, 1, 1, 1, 0]",['pass']
181,"['1959', '2019', '2023', '163cm', '#cfa07d', 'gry', '561439154', '299']","[1, 1, 1, 1, 1, 1, 1, 0]",['pass']
182,"['1996', '2017', '2023', '170cm', '#7d3b0c', 'blu', '635547007', '280']","[1, 1, 1, 1, 1, 1, 1, 0]",['pass']
183,"['1941', '2014', '2021', '190cm', '#888785', 'brn', None, None]","[1, 1, 1, 1, 1, 1, 0, 0]",['fail']
184,"['1948', '2018', '2022', '162cm', '#c0946f', 'amb', '130696599', '199']","[1, 1, 1, 1, 1, 1, 1, 0]",['pass']
185,"['1933', '2019', '2026', '178cm', '#a4fc09', 'hzl', '886849824', '314']","[1, 1, 1, 1, 1, 1, 1, 0]",['pass']
186,"['1996', '2016', '2030', '169cm', '#ef542c', 'brn', '119207760', None]","[1, 1, 1, 1, 1, 1, 1, 0]",['pass']
187,"['2003', '2030', '2039', '182cm', '#c0946f', '#c81361', '#7336a0', '347']","[0, 0, 0, 1, 1, 0, 0, 0]",['fail']
188,"['1966', '2013', '2027', '172cm', '#7d3b0c', 'gry', '727812879', None]","[1, 1, 1, 1, 1, 1, 1, 0]",['pass']
189,"['1973', '2016', '2028', '190cm', '#341e13', 'hzl', '744997238', '322']","[1, 1, 1, 1, 1, 1, 1, 0]",['pass']
190,"['1923', '2014', '2026', '171cm', '#04083f', 'oth', '074049558', None]","[1, 1, 1, 1, 1, 1, 1, 0]",['pass']
191,"['1922', '2012', '2021', '178cm', '#fffffd', 'brn', '973713235', None]","[1, 1, 1, 1, 1, 1, 1, 0]",['pass']
192,"['2020', '2011', '2026', '164cm', '9fccf7', '#10165d', '#ceefa8', '201']","[0, 1, 1, 1, 0, 0, 0, 0]",['fail']
193,"['1952', '2012', '2025', '165cm', '#623a2f', 'blu', '775787557', None]","[1, 1, 1, 1, 1, 1, 1, 0]",['pass']
194,"['2018', '2021', '1974', '69in', 'z', 'lzr', '6186829005', None]","[0, 0, 0, 1, 0, 0, 0, 0]",['fail']
195,"['1950', '2014', '2028', '184cm', '#c0946f', None, '824641755', None]","[1, 1, 1, 1, 1, 0, 1, 0]",['fail']
196,"['1988', '2015', '2023', '187cm', '#7d3b0c', None, '895876610', '84']","[1, 1, 1, 1, 1, 0, 1, 0]",['fail']
197,"[None, '2020', '2030', '157cm', '#fffffd', 'grn', '486236241', None]","[0, 1, 1, 1, 1, 1, 1, 0]",['fail']
198,"['1926', '2010', '2029', '74in', '#9d1214', 'hzl', '348573885', None]","[1, 1, 1, 1, 1, 1, 1, 0]",['pass']
199,"['1993', '2013', '2022', '171cm', '#a97842', 'oth', '148728436', None]","[1, 1, 1, 1, 1, 1, 1, 0]",['pass']
200,"['1966', '2019', '2020', '151cm', '#3107b3', 'grn', '319882814', '256']","[1, 1, 1, 1, 1, 1, 1, 0]",['pass']
201,"['1947', '2015', '2025', '184cm', '#f3a364', 'grn', '827962962', '62']","[1, 1, 1, 1, 1, 1, 1, 0]",['pass']
202,"['1973', '2013', '2024', '154cm', '#fffffd', 'amb', '215012801', None]","[1, 1, 1, 1, 1, 1, 1, 0]",['pass']
203,"['1944', '2019', '2022', '152cm', '#623a2f', 'hzl', '295632731', '243']","[1, 1, 1, 1, 1, 1, 1, 0]",['pass']
204,"['1984', '2011', '2021', '161cm', '73e739', 'brn', '089250747', '253']","[1, 1, 1, 1, 0, 1, 1, 0]",['fail']
205,"['1944', None, '2021', '173cm', '#18171d', 'oth', '732054667', None]","[1, 0, 1, 1, 1, 1, 1, 0]",['fail']
206,"['1992', '2020', '2026', '187cm', '#a97842', 'gry', '445116331', None]","[1, 1, 1, 1, 1, 1, 1, 0]",['pass']
207,"['1990', '2021', None, '170cm', '80c091', None, '745555899', None]","[1, 0, 0, 1, 0, 0, 1, 0]",['fail']
208,"['1927', '2012', '2025', '164cm', '#65ccf6', 'brn', '058987865', '209']","[1, 1, 1, 1, 1, 1, 1, 0]",['pass']
209,"['2026', '2023', '1921', '67cm', 'f8e749', 'lzr', None, None]","[0, 0, 0, 0, 0, 0, 0, 0]",['fail']
210,"['1922', '2013', '2028', '179cm', '#7d3b0c', 'hzl', '103268377', None]","[1, 1, 1, 1, 1, 1, 1, 0]",['pass']
211,"['1923', '2015', '2024', '167cm', '#7fc8ee', 'gry', '427963077', None]","[1, 1, 1, 1, 1, 1, 1, 0]",['pass']
212,"['1927', '2015', '2029', '157cm', '#733820', 'grn', '741328150', None]","[1, 1, 1, 1, 1, 1, 1, 0]",['pass']
213,"['1921', '1945', '2029', '70cm', 'e76970', 'zzz', '823622634', '186']","[1, 0, 1, 0, 0, 0, 1, 0]",['fail']
214,"[None, '2029', '2024', '61cm', 'd5e5ff', 'dne', '182634269', '87']","[0, 0, 1, 0, 0, 0, 1, 0]",['fail']
215,"['1936', '2011', '2020', '156cm', '#623a2f', 'gry', '236984204', None]","[1, 1, 1, 1, 1, 1, 1, 0]",['pass']
216,"['2023', '2010', '2033', '172cm', 'ff82f9', 'blu', '872645776', '220']","[0, 1, 0, 1, 0, 1, 1, 0]",['fail']
217,"['1922', '2013', '2025', '163cm', '#18171d', 'brn', '774489073', None]","[1, 1, 1, 1, 1, 1, 1, 0]",['pass']
218,"['1962', '2019', '2024', '65in', '#888785', 'grn', '112233558', None]","[1, 1, 1, 1, 1, 1, 1, 0]",['pass']
219,"['1980', '2013', '2022', '172cm', '#18171d', 'blu', '609008608', '244']","[1, 1, 1, 1, 1, 1, 1, 0]",['pass']
220,"[None, '1956', '2025', '175in', '674e80', None, '099875931', '124']","[0, 0, 1, 0, 0, 0, 1, 0]",['fail']
221,"['1926', '2018', '2021', '188cm', '#866857', 'hzl', '557800355', None]","[1, 1, 1, 1, 1, 1, 1, 0]",['pass']
222,"['1939', '2013', '2026', '164cm', '#733820', 'grn', '200409089', None]","[1, 1, 1, 1, 1, 1, 1, 0]",['pass']
223,"['1976', '2016', '2024', '169cm', None, 'gry', '043453462', '73']","[1, 1, 1, 1, 0, 1, 1, 0]",['fail']
224,"['1958', '2017', '2025', '187cm', '#733820', 'gry', '609818712', None]","[1, 1, 1, 1, 1, 1, 1, 0]",['pass']
225,"['1938', '2013', '2022', '66in', '#d1bda9', 'grn', '618590610', '69']","[1, 1, 1, 1, 1, 1, 1, 0]",['pass']
226,"['1929', '2018', '2024', '156cm', '#6b5442', 'gry', '755742405', '105']","[1, 1, 1, 1, 1, 1, 1, 0]",['pass']
227,"['1989', '2011', '2030', '160cm', '#7d3b0c', 'blu', '77022842', None]","[1, 1, 1, 1, 1, 1, 0, 0]",['fail']
228,"['1968', '2015', '2030', '150cm', '#341e13', 'amb', '434159843', None]","[1, 1, 1, 1, 1, 1, 1, 0]",['pass']
229,"[None, '1947', '1993', '176in', 'z', '#78876d', '#b3a5a6', None]","[0, 0, 0, 0, 0, 0, 0, 0]",['fail']
230,"['1965', '2010', '2026', '180cm', '#cfa07d', 'gry', '048327438', '249']","[1, 1, 1, 1, 1, 1, 1, 0]",['pass']
231,"['1940', '2016', '2021', '185cm', '#fffffd', 'gry', '136468890', None]","[1, 1, 1, 1, 1, 1, 1, 0]",['pass']
232,"['1976', '2013', '2022', '180in', '#b6652a', '#737836', '156cm', None]","[1, 1, 1, 0, 1, 0, 0, 0]",['fail']
233,"['1955', '2016', '2028', '162cm', '#733820', 'amb', '193cm', '346']","[1, 1, 1, 1, 1, 1, 0, 0]",['fail']
234,"['1932', '2010', '2025', '166cm', '#341e13', 'grn', '595837820', '224']","[1, 1, 1, 1, 1, 1, 1, 0]",['pass']
235,"['1944', '2016', '2029', '160cm', '#623a2f', 'brn', '481646831', '319']","[1, 1, 1, 1, 1, 1, 1, 0]",['pass']
236,"['2024', '2022', '2028', '76cm', '#a97842', 'zzz', '428329840', '238']","[0, 0, 1, 0, 1, 0, 1, 0]",['fail']
237,"['1963', '2014', '2026', '170cm', '#623a2f', 'gry', '225910806', None]","[1, 1, 1, 1, 1, 1, 1, 0]",['pass']
238,"['1928', '2010', '2028', '193cm', '#733820', 'grn', '343022641', None]","[1, 1, 1, 1, 1, 1, 1, 0]",['pass']
239,"['1950', '2012', '2023', '193cm', '#866857', 'grn', '400725165', None]","[1, 1, 1, 1, 1, 1, 1, 0]",['pass']
240,"['1966', '2014', '2027', '177cm', '#18171d', 'oth', '913894485', '195']","[1, 1, 1, 1, 1, 1, 1, 0]",['pass']
241,"['1983', '2015', '2023', '154cm', '#602927', 'brn', '134599284', '206']","[1, 1, 1, 1, 1, 1, 1, 0]",['pass']
242,"['2013', '2027', '1942', '162cm', 'z', '#2d0e7a', '#f34625', None]","[0, 0, 0, 1, 0, 0, 0, 0]",['fail']
243,"['1965', '2011', '2026', '189cm', '#b6652a', 'hzl', '683560227', '178']","[1, 1, 1, 1, 1, 1, 1, 0]",['pass']
244,"['1920', '2017', '2030', '167cm', '#602927', 'grn', '047446524', None]","[1, 1, 1, 1, 1, 1, 1, 0]",['pass']
245,"['1953', '1920', '2027', '193cm', '#888785', 'hzl', '401913877', '86']","[1, 0, 1, 1, 1, 1, 1, 0]",['fail']
246,"['1991', '2016', '2025', '186cm', '#5e1ef2', 'grn', '076499738', None]","[1, 1, 1, 1, 1, 1, 1, 0]",['pass']
247,"['1956', '2020', '2030', '157cm', '#18171d', 'gry', '750694893', '338']","[1, 1, 1, 1, 1, 1, 1, 0]",['pass']
248,"['1956', '2027', '2039', '164cm', '#aeacee', '#80df11', '#37f002', '320']","[1, 0, 0, 1, 1, 0, 0, 0]",['fail']
249,"['1960', '2014', '2025', None, '#733820', 'grn', '667089568', None]","[1, 1, 1, 0, 1, 1, 1, 0]",['fail']
250,"['1962', '2012', '2029', '163cm', '#733820', 'gry', '763684725', '108']","[1, 1, 1, 1, 1, 1, 1, 0]",['pass']
251,"['1984', '2012', '2024', '159cm', '#888785', 'gry', '174711749', '236']","[1, 1, 1, 1, 1, 1, 1, 0]",['pass']
252,"['1985', '2013', '2029', None, '#b6652a', 'gry', '044931271', None]","[1, 1, 1, 0, 1, 1, 1, 0]",['fail']
253,"['1973', '2018', '2023', '186cm', '#a97842', 'blu', '937214113', '247']","[1, 1, 1, 1, 1, 1, 1, 0]",['pass']
254,"['2025', '2017', '2034', '170cm', '#18171d', 'utc', '231782961', '108']","[0, 1, 0, 1, 1, 0, 1, 0]",['fail']
255,"['1928', '2011', '2028', '188cm', '#a97842', 'gry', '298274796', None]","[1, 1, 1, 1, 1, 1, 1, 0]",['pass']
256,"['2010', '1943', '2025', '65cm', 'z', '#bb54e6', '65702335', None]","[0, 0, 1, 0, 0, 0, 0, 0]",['fail']
257,"['1999', '2015', '2024', '193cm', '#cfa07d', 'gry', '499116613', '278']","[1, 1, 1, 1, 1, 1, 1, 0]",['pass']
258,"['1988', '2010', '2027', '175cm', '#6b5442', 'brn', '410075320', None]","[1, 1, 1, 1, 1, 1, 1, 0]",['pass']
259,"['1991', '2013', '2023', None, '#602927', 'oth', '269678991', None]","[1, 1, 1, 0, 1, 1, 1, 0]",['fail']
260,"['1975', '2018', '2020', '160cm', '#fffffd', 'oth', '144593265', '304']","[1, 1, 1, 1, 1, 1, 1, 0]",['pass']
261,"['1951', '2014', '2029', '185cm', '#ceb3a1', 'oth', '520804395', None]","[1, 1, 1, 1, 1, 1, 1, 0]",['pass']
262,"['1944', '2016', '2029', '159cm', '#866857', 'hzl', '312887994', '205']","[1, 1, 1, 1, 1, 1, 1, 0]",['pass']
263,"['2030', '2023', '1946', None, None, '#54c85c', '512417622', '190']","[0, 0, 0, 0, 0, 0, 1, 0]",['fail']
264,"['1946', '2014', '2023', '163cm', '#2d4e9c', 'brn', '839043333', None]","[1, 1, 1, 1, 1, 1, 1, 0]",['pass']
265,"['1920', '2027', '1975', '187cm', '#c0946f', 'grn', None, '122']","[1, 0, 0, 1, 1, 1, 0, 0]",['fail']
266,"['1922', '2016', '2029', '189cm', '#b6652a', 'blu', '924104599', None]","[1, 1, 1, 1, 1, 1, 1, 0]",['pass']
267,"['1921', '2016', '1938', '162cm', '#18171d', 'hzl', '682222023', None]","[1, 1, 0, 1, 1, 1, 1, 0]",['fail']
268,"['1921', '2010', '2029', '158cm', '#7d3b0c', 'oth', '959515596', '118']","[1, 1, 1, 1, 1, 1, 1, 0]",['pass']
269,"['2005', '2017', '2008', '150in', '8f4d80', '#8ac844', '162cm', '174']","[0, 1, 0, 0, 0, 0, 0, 0]",['fail']
270,"['1936', '2012', '2021', '170cm', 'z', 'hzl', '255481052', '276']","[1, 1, 1, 1, 0, 1, 1, 0]",['fail']
271,"['1935', '2013', '2023', '179cm', '#623a2f', 'amb', '073621563', None]","[1, 1, 1, 1, 1, 1, 1, 0]",['pass']
272,"['1989', '2019', '2021', '181cm', '#18171d', 'oth', '661224730', '230']","[1, 1, 1, 1, 1, 1, 1, 0]",['pass']
273,"['1995', '2020', '2020', '171cm', '#fffffd', '#6ebbc2', '748039140', None]","[1, 1, 1, 1, 1, 0, 1, 0]",['fail']
274,"['1928', '2014', '2028', '186cm', '#ceb3a1', 'hzl', '758144605', None]","[1, 1, 1, 1, 1, 1, 1, 0]",['pass']
275,"['2000', '2017', '2020', '66in', '#a97842', 'hzl', '162973694', None]","[1, 1, 1, 1, 1, 1, 1, 0]",['pass']
276,"['1969', '2012', '2021', '180cm', '#733820', 'hzl', '749770535', '148']","[1, 1, 1, 1, 1, 1, 1, 0]",['pass']
277,"['1958', '2010', '2024', '164cm', '#733820', 'blu', '890634327', None]","[1, 1, 1, 1, 1, 1, 1, 0]",['pass']
278,"['1970', '2020', '2025', '70in', '#341e13', 'gry', '218397894', None]","[1, 1, 1, 1, 1, 1, 1, 0]",['pass']
279,"['1981', '2020', '2020', '157cm', '#7d3b0c', 'amb', '854208004', None]","[1, 1, 1, 1, 1, 1, 1, 0]",['pass']
280,"['1924', '2010', '2028', '170cm', '#cfa07d', 'amb', '036669613', '321']","[1, 1, 1, 1, 1, 1, 1, 0]",['pass']
281,"['1950', '1963', '1928', '152in', 'z', '#6649d4', '0026989865', '188']","[1, 0, 0, 0, 0, 0, 0, 0]",['fail']
282,"['1966', '2010', '2028', '173cm', '#ceb3a1', 'grn', '074363489', None]","[1, 1, 1, 1, 1, 1, 1, 0]",['pass']
283,"['2023', '2022', '2030', '161in', 'z', '#f8824c', '9731612333', '316']","[0, 0, 1, 0, 0, 0, 0, 0]",['fail']
284,"['1952', '2016', '2024', '175cm', '#fffffd', 'brn', '085432899', '244']","[1, 1, 1, 1, 1, 1, 1, 0]",['pass']
285,"['1969', '2017', '2026', '75in', '#7394c7', 'brn', '745302991', None]","[1, 1, 1, 1, 1, 1, 1, 0]",['pass']
286,"[None, None, None, None, None, None, None, None]","[0, 0, 0, 0, 0, 0, 0, 0]",['fail']
287,"[None, None, None, None, None, None, None, None]","[0, 0, 0, 0, 0, 0, 0, 0]",['fail']
288,"[None, None, None, None, None, None, None, None]","[0, 0, 0, 0, 0, 0, 0, 0]",['fail']
289,"[None, None, None, None, None, None, None, None]","[0, 0, 0, 0, 0, 0, 0, 0]",['fail']
290,"[None, None, None, None, None, None, None, None]","[0, 0, 0, 0, 0, 0, 0, 0]",['fail']
291,"[None, None, None, None, None, None, None, None]","[0, 0, 0, 0, 0, 0, 0, 0]",['fail']
292,"[None, None, None, None, None, None, None, None]","[0, 0, 0, 0, 0, 0, 0, 0]",['fail']
293,"[None, None, None, None, None, None, None, None]","[0, 0, 0, 0, 0, 0, 0, 0]",['fail']
294,"[None, None, None, None, None, None, None, None]","[0, 0, 0, 0, 0, 0, 0, 0]",['fail']
295,"[None, None, None, None, None, None, None, None]","[0, 0, 0, 0, 0, 0, 0, 0]",['fail']
